date,adj_close,close,high,low,open,volume
2015-01-02,24.171754837036133,27.332500457763672,27.86000061035156,26.837499618530277,27.84749984741211,212818400
2015-01-05,23.490800857543945,26.5625,27.162500381469727,26.352500915527344,27.07250022888184,257142000
2015-01-06,23.493009567260746,26.565000534057617,26.857500076293945,26.15749931335449,26.63500022888184,263188400
2015-01-07,23.822433471679688,26.9375,27.049999237060547,26.674999237060547,26.799999237060547,160423600
2015-01-08,24.73774528503418,27.97249984741211,28.037500381469727,27.174999237060547,27.3075008392334,237458000
2015-01-09,24.764278411865234,28.002500534057617,28.3125,27.552499771118164,28.167499542236328,214798000
2015-01-12,24.15406608581543,27.3125,28.15749931335449,27.200000762939453,28.149999618530277,198603200
2015-01-13,24.3685302734375,27.55500030517578,28.200000762939453,27.227500915527344,27.857500076293945,268367600
2015-01-14,24.27566337585449,27.450000762939453,27.622499465942383,27.125,27.26000022888184,195826400
2015-01-15,23.616819381713867,26.70499992370605,27.51499938964844,26.665000915527344,27.5,240056000
2015-01-16,23.43331718444824,26.497499465942383,26.895000457763672,26.299999237060547,26.75749969482422,314053200
2015-01-20,24.03688621520996,27.18000030517578,27.24250030517578,26.625,26.959999084472656,199599600
2015-01-21,24.22039031982422,27.387500762939453,27.76499938964844,27.0674991607666,27.237499237060547,194303600
2015-01-22,24.850509643554688,28.100000381469727,28.11750030517578,27.43000030517578,27.565000534057617,215185600
2015-01-23,24.97873306274414,28.2450008392334,28.4375,27.88249969482422,28.075000762939453,185859200
2015-01-26,25.00527000427246,28.274999618530277,28.59000015258789,28.200000762939453,28.434999465942383,222460000
2015-01-27,24.129751205444336,27.28499984741211,28.1200008392334,27.25749969482422,28.104999542236328,382274800
2015-01-28,25.493867874145508,28.82749938964844,29.530000686645508,28.82749938964844,29.40749931335449,585908400
2015-01-29,26.287586212158203,29.725000381469727,29.79750061035156,28.88999938964844,29.07999992370605,337745600
2015-01-30,25.902889251708984,29.290000915527344,30.0,29.212499618530277,29.600000381469727,334982000
2015-02-02,26.22789192199707,29.65749931335449,29.792499542236328,29.020000457763672,29.512500762939453,250956400
2015-02-03,26.232316970825195,29.662500381469727,29.772499084472656,29.40250015258789,29.625,207662800
2015-02-04,26.43350601196289,29.88999938964844,30.127500534057617,29.57749938964844,29.625,280598800
2015-02-05,26.622175216674805,29.98500061035156,30.0575008392334,29.8125,30.0049991607666,168984800
2015-02-06,26.397993087768555,29.732500076293945,30.0625,29.612499237060547,30.0049991607666,174826400
2015-02-09,26.573341369628903,29.93000030517578,29.959999084472656,29.607500076293945,29.637500762939453,155559200
2015-02-10,27.083858489990234,30.5049991607666,30.537500381469727,30.040000915527344,30.042499542236328,248034000
2015-02-11,27.718669891357425,31.21999931335449,31.229999542236328,30.625,30.6924991607666,294247200
2015-02-12,28.06936836242676,31.614999771118164,31.8700008392334,31.39249992370605,31.51499938964844,297898000
2015-02-13,28.206981658935547,31.770000457763672,31.81999969482422,31.412500381469727,31.81999969482422,217088800
2015-02-17,28.373462677001957,31.957500457763672,32.220001220703125,31.729999542236328,31.872499465942383,252609600
2015-02-18,28.571008682250977,32.18000030517578,32.19499969482422,31.862499237060547,31.90749931335449,179566800
2015-02-19,28.51107215881348,32.11249923706055,32.25749969482422,32.08250045776367,32.119998931884766,149449600
2015-02-20,28.74413681030273,32.375,32.375,32.01250076293945,32.154998779296875,195793600
2015-02-23,29.52099609375,33.25,33.25,32.415000915527344,32.505001068115234,283896400
2015-02-24,29.33677673339844,33.04249954223633,33.400001525878906,32.79249954223633,33.23500061035156,276912400
2015-02-25,28.5865421295166,32.1974983215332,32.900001525878906,32.037498474121094,32.88999938964844,298846800
2015-02-26,28.948335647583008,32.60499954223633,32.717498779296875,31.65250015258789,32.1974983215332,365150000
2015-02-27,28.5132999420166,32.1150016784668,32.64250183105469,32.060001373291016,32.5,248059200
2015-03-02,28.65313148498535,32.272499084472656,32.56999969482422,32.07500076293945,32.3125,192386800
2015-03-03,28.713062286376957,32.34000015258789,32.380001068115234,32.022499084472656,32.2400016784668,151265200
2015-03-04,28.531049728393555,32.1349983215332,32.38999938964844,32.08000183105469,32.275001525878906,126665200
2015-03-05,28.058273315429688,31.602500915527344,32.1875,31.440000534057617,32.14500045776367,226068400
2015-03-06,28.100439071655277,31.649999618530277,32.342498779296875,31.565000534057617,32.099998474121094,291368400
2015-03-09,28.22030258178711,31.78499984741211,32.39250183105469,31.26499938964844,31.989999771118164,354114000
2015-03-10,27.63653945922852,31.127500534057617,31.80500030517578,30.950000762939453,31.602500915527344,275426400
2015-03-11,27.1326904296875,30.559999465942383,31.1924991607666,30.52750015258789,31.1875,275756000
2015-03-12,27.62322425842285,31.112499237060547,31.225000381469727,30.40749931335449,30.57749938964844,193450800
2015-03-13,27.43233871459961,30.897499084472656,31.350000381469727,30.645000457763672,31.100000381469727,207309200
2015-03-16,27.734207153320312,31.237499237060547,31.237499237060547,30.717500686645508,30.96999931335449,143497200
2015-03-17,28.19810485839844,31.76000022888184,31.82999992370605,31.412500381469727,31.475000381469727,204092400
2015-03-18,28.51551628112793,32.11750030517578,32.290000915527344,31.592500686645508,31.75,261083600
2015-03-19,28.30021095275879,31.875,32.3125,31.850000381469727,32.1875,183238000
2015-03-20,27.9450740814209,31.475000381469727,32.099998474121094,31.290000915527344,32.0625,274780400
2015-03-23,28.235849380493164,31.802499771118164,31.962499618530277,31.6299991607666,31.780000686645508,150838800
2015-03-24,28.12042617797852,31.67250061035156,32.0099983215332,31.63999938964844,31.8075008392334,131369200
2015-03-25,27.385723114013672,30.84499931335449,31.70499992370605,30.84499931335449,31.63500022888184,206620800
2015-03-26,27.576610565185547,31.059999465942383,31.21999931335449,30.649999618530277,30.690000534057617,190291600
2015-03-27,27.35686683654785,30.8125,31.174999237060547,30.727500915527344,31.14249992370605,158184800
2015-03-30,28.049394607543945,31.592500686645508,31.600000381469727,31.0,31.012500762939453,188398800
2015-03-31,27.618785858154297,31.107500076293945,31.622499465942383,31.09000015258789,31.522499084472656,168362400
2015-04-01,27.57883644104004,31.0625,31.280000686645508,30.774999618530277,31.20499992370605,162485600
2015-04-02,27.816329956054688,31.32999992370605,31.38999938964844,31.04750061035156,31.25749969482422,128880400
2015-04-06,28.26691627502441,31.837499618530277,31.877500534057617,31.082500457763672,31.11750030517578,148776000
2015-04-07,27.969491958618164,31.502500534057617,32.029998779296875,31.4950008392334,31.90999984741211,140049200
2015-04-08,27.87848472595215,31.399999618530277,31.600000381469727,31.24250030517578,31.462499618530277,149316800
2015-04-09,28.09156608581543,31.63999938964844,31.645000457763672,31.165000915527344,31.462499618530277,129936000
2015-04-10,28.211423873901367,31.774999618530277,31.802499771118164,31.315000534057617,31.487499237060547,160752000
2015-04-13,28.155933380126957,31.712499618530277,32.14250183105469,31.65250015258789,32.092498779296875,145460400
2015-04-14,28.033859252929688,31.575000762939453,31.82250022888184,31.477500915527344,31.75,102098400
2015-04-15,28.140399932861328,31.69499969482422,31.78249931335449,31.502500534057617,31.602500915527344,115881600
2015-04-16,28.00498962402344,31.542499542236328,31.774999618530277,31.52750015258789,31.56999969482422,113476000
2015-04-17,27.68981170654297,31.1875,31.53499984741211,31.114999771118164,31.387500762939453,207828000
2015-04-20,28.32240295410156,31.899999618530277,32.029998779296875,31.292499542236328,31.39249992370605,188217200
2015-04-21,28.16925811767578,31.727500915527344,32.04999923706055,31.667499542236328,32.025001525878906,129740400
2015-04-22,28.548803329467773,32.154998779296875,32.217498779296875,31.57999992370605,31.747499465942383,150618000
2015-04-23,28.781871795654297,32.41749954223633,32.60499954223633,32.03499984741211,32.07500076293945,183083600
2015-04-24,28.91726875305176,32.56999969482422,32.657501220703125,32.307498931884766,32.622501373291016,178103600
2015-04-27,29.443309783935547,33.162498474121094,33.282501220703125,32.787498474121094,33.07749938964844,387816800
2015-04-28,28.97941398620605,32.63999938964844,33.6349983215332,32.39250183105469,33.6150016784668,475696000
2015-04-29,28.55324935913086,32.15999984741211,32.897499084472656,32.07500076293945,32.540000915527344,253544400
2015-04-30,27.778600692749023,31.287500381469727,32.15999984741211,31.145000457763672,32.15999984741211,332781600
2015-05-01,28.622055053710938,32.23749923706055,32.532501220703125,31.325000762939453,31.524999618530277,234050400
2015-05-04,28.56656265258789,32.17499923706055,32.64250183105469,32.064998626708984,32.375,203953200
2015-05-05,27.922882080078125,31.450000762939453,32.11249923706055,31.44499969482422,32.037498474121094,197085600
2015-05-06,27.747529983520508,31.252500534057617,31.6875,30.84000015258789,31.63999938964844,288564000
2015-05-07,27.919151306152344,31.315000534057617,31.520000457763672,31.0049991607666,31.1924991607666,175763600
2015-05-08,28.445173263549805,31.905000686645508,31.905000686645508,31.52750015258789,31.670000076293945,222201600
2015-05-11,28.15540885925293,31.57999992370605,31.88999938964844,31.40749931335449,31.84749984741211,168143200
2015-05-12,28.05511283874512,31.467500686645508,31.71999931335449,31.20499992370605,31.399999618530277,192640000
2015-05-13,28.08631706237793,31.502500534057617,31.79750061035156,31.467500686645508,31.537500381469727,138776800
2015-05-14,28.74161529541016,32.23749923706055,32.23749923706055,31.790000915527344,31.852500915527344,180814000
2015-05-15,28.70149803161621,32.192501068115234,32.372501373291016,32.0525016784668,32.26750183105469,152832000
2015-05-18,29.01799201965332,32.54750061035156,32.68000030517578,32.09000015258789,32.095001220703125,203531600
2015-05-19,28.99124336242676,32.51750183105469,32.720001220703125,32.40999984741211,32.67250061035156,178532800
2015-05-20,28.98902130126953,32.51499938964844,32.744998931884766,32.334999084472656,32.5,145819600
2015-05-21,29.28546142578125,32.84749984741211,32.907501220703125,32.45750045776367,32.51750183105469,158921600
2015-05-22,29.54178047180176,33.1349983215332,33.24250030517578,32.849998474121094,32.900001525878906,182384000
2015-05-26,28.890949249267575,32.404998779296875,33.227500915527344,32.279998779296875,33.150001525878906,282790400
2015-05-27,29.43034172058105,33.0099983215332,33.064998626708984,32.51250076293945,32.584999084472656,183332800
2015-05-28,29.372398376464844,32.94499969482422,32.98749923706055,32.775001525878906,32.96500015258789,122933200
2015-05-29,29.038057327270508,32.56999969482422,32.86249923706055,32.474998474121094,32.807498931884766,203538000
2015-06-01,29.096006393432617,32.6349983215332,32.84749984741211,32.51250076293945,32.56999969482422,128451200
2015-06-02,28.96673583984375,32.4900016784668,32.665000915527344,32.33000183105469,32.46500015258789,134670400
2015-06-03,29.002391815185547,32.529998779296875,32.73500061035156,32.474998474121094,32.665000915527344,123934000
2015-06-04,28.83300018310547,32.34000015258789,32.64500045776367,32.227500915527344,32.39500045776367,153800400
2015-06-05,28.674739837646484,32.162498474121094,32.42250061035156,32.09000015258789,32.375,142507200
2015-06-08,28.48528861999512,31.950000762939453,32.3025016784668,31.707500457763672,32.224998474121094,210699200
2015-06-09,28.400590896606445,31.854999542236328,32.02000045776367,31.405000686645508,31.674999237060547,224301600
2015-06-10,28.72600746154785,32.220001220703125,32.334999084472656,31.962499618530277,31.979999542236328,156349200
2015-06-11,28.66136932373047,32.147499084472656,32.54499816894531,32.119998931884766,32.29499816894531,141563600
2015-06-12,28.344867706298828,31.792499542236328,32.08250045776367,31.77750015258789,32.04750061035156,147544800
2015-06-15,28.289138793945312,31.729999542236328,31.809999465942383,31.427499771118164,31.524999618530277,175955600
2015-06-16,28.440711975097656,31.899999618530277,31.962499618530277,31.592500686645508,31.75749969482422,125976400
2015-06-17,28.373842239379883,31.825000762939453,31.96999931335449,31.684999465942383,31.93000030517578,131672400
2015-06-18,28.50311851501465,31.96999931335449,32.07749938964844,31.80500030517578,31.8075008392334,141628800
2015-06-19,28.21781539916992,31.649999618530277,31.95499992370605,31.600000381469727,31.927499771118164,218867600
2015-06-22,28.44293975830078,31.90250015258789,32.01499938964844,31.770000457763672,31.872499465942383,136157200
2015-06-23,28.313661575317383,31.75749969482422,31.90250015258789,31.71999931335449,31.8700008392334,121075600
2015-06-24,28.55438995361328,32.02750015258789,32.45000076293945,31.780000686645508,31.802499771118164,221123600
2015-06-25,28.418420791625977,31.875,32.29999923706055,31.875,32.21500015258789,127752400
2015-06-26,28.251256942749023,31.6875,31.997499465942383,31.627500534057617,31.917499542236328,176267200
2015-06-29,27.75643920898437,31.13249969482422,31.61750030517578,31.1200008392334,31.364999771118164,196645600
2015-06-30,27.95704460144043,31.357500076293945,31.530000686645508,31.21500015258789,31.39249992370605,177482800
2015-07-01,28.21781539916992,31.649999618530277,31.73500061035156,31.497499465942383,31.725000381469727,120955200
2015-07-02,28.18216133117676,31.61000061035156,31.67250061035156,31.4424991607666,31.607500076293945,108844000
2015-07-06,28.08408737182617,31.5,31.5575008392334,31.212499618530277,31.23500061035156,112241600
2015-07-07,28.01499366760254,31.42250061035156,31.537500381469727,30.9424991607666,31.47249984741211,187787200
2015-07-08,27.319581985473636,30.64249992370605,31.15999984741211,30.63500022888184,31.1200008392334,243046400
2015-07-09,26.762351989746094,30.01749992370605,31.01499938964844,29.80500030517578,30.962499618530277,314380000
2015-07-10,27.47782325744629,30.81999969482422,30.962499618530277,30.302499771118164,30.48500061035156,245418000
2015-07-13,28.00830841064453,31.415000915527344,31.440000534057617,31.07999992370605,31.25749969482422,165762000
2015-07-14,27.99715805053711,31.40250015258789,31.592500686645508,31.26000022888184,31.51000022888184,127072400
2015-07-15,28.266860961914062,31.70499992370605,31.787500381469727,31.395000457763672,31.43000030517578,134596800
2015-07-16,28.643543243408203,32.127498626708984,32.14250183105469,31.837499618530277,31.934999465942383,144889600
2015-07-17,28.890949249267575,32.404998779296875,32.404998779296875,32.07749938964844,32.27000045776367,184658800
2015-07-20,29.43703269958496,33.01750183105469,33.24250030517578,32.67499923706055,32.74250030517578,235600800
2015-07-21,29.14280891418457,32.6875,33.22999954223633,32.58000183105469,33.212501525878906,307025600
2015-07-22,27.910234451293945,31.30500030517578,31.375,30.497499465942383,30.497499465942383,461802400
2015-07-23,27.896860122680664,31.290000915527344,31.772499084472656,31.26499938964844,31.549999237060547,203998000
2015-07-24,27.7497501373291,31.125,31.434999465942383,30.975000381469727,31.32999992370605,168649200
2015-07-27,27.36415672302246,30.6924991607666,30.90250015258789,30.530000686645508,30.772499084472656,177822000
2015-07-28,27.5001163482666,30.84499931335449,30.977500915527344,30.637500762939453,30.84499931335449,134472400
2015-07-29,27.41318893432617,30.747499465942383,30.875,30.5674991607666,30.787500381469727,148046800
2015-07-30,27.27500343322754,30.592500686645508,30.64249992370605,30.427499771118164,30.57999992370605,134513200
2015-07-31,27.036508560180664,30.325000762939453,30.65999984741211,30.227500915527344,30.649999618530277,171540000
2015-08-03,26.399044036865234,29.61000061035156,30.64249992370605,29.3799991607666,30.375,279904000
2015-08-04,25.55206298828125,28.65999984741211,29.424999237060547,28.3125,29.354999542236328,496554400
2015-08-05,25.721458435058597,28.850000381469727,29.36000061035156,28.024999618530277,28.237499237060547,397250400
2015-08-06,25.777433395385746,28.78249931335449,29.125,28.530000686645508,28.99250030517578,211612000
2015-08-07,25.8647518157959,28.8799991607666,29.0625,28.625,28.645000457763672,154681600
2015-08-10,26.80512809753418,29.93000030517578,29.997499465942383,29.13249969482422,29.13249969482422,219806400
2015-08-11,25.410240173339844,28.372499465942383,29.545000076293945,28.332500457763672,29.45249938964844,388331200
2015-08-12,25.802061080932617,28.809999465942383,28.854999542236328,27.40749931335449,28.13249969482422,404870000
2015-08-13,25.78190803527832,28.787500381469727,29.100000381469727,28.63500022888184,29.01000022888184,194143200
2015-08-14,25.963274002075195,28.989999771118164,29.07749938964844,28.502500534057617,28.57999992370605,171718000
2015-08-17,26.231952667236328,29.290000915527344,29.412500381469727,28.875,29.01000022888184,163538800
2015-08-18,26.08417320251465,29.125,29.36000061035156,29.002500534057617,29.107500076293945,138242800
2015-08-19,25.75057029724121,28.752500534057617,29.1299991607666,28.670000076293945,29.024999618530277,193146000
2015-08-20,25.2221622467041,28.162500381469727,28.587499618530277,27.90749931335449,28.520000457763672,274006400
2015-08-21,23.67951011657715,26.440000534057617,27.975000381469727,26.412500381469727,27.607500076293945,513102000
2015-08-24,23.08840751647949,25.780000686645508,27.200000762939453,23.0,23.717500686645508,648825200
2015-08-25,23.227230072021484,25.934999465942383,27.77750015258789,25.875,27.77750015258789,414406400
2015-08-26,24.55942153930664,27.42250061035156,27.47249984741211,26.262500762939453,26.772499084472656,387098400
2015-08-27,25.282615661621094,28.229999542236328,28.309999465942383,27.5049991607666,28.0575008392334,338464400
2015-08-28,25.36545753479004,28.32250022888184,28.32749938964844,27.88500022888184,28.042499542236328,212657600
2015-08-31,25.24679183959961,28.190000534057617,28.63249969482422,28.0,28.00749969482422,224917200
2015-09-01,24.118349075317383,26.93000030517578,27.96999931335449,26.84000015258789,27.537500381469727,307383600
2015-09-02,25.152751922607425,28.084999084472656,28.084999084472656,27.28249931335449,27.5575008392334,247555200
2015-09-03,24.711679458618164,27.592500686645508,28.19499969482422,27.51000022888184,28.122499465942383,212935600
2015-09-04,24.465389251708984,27.3174991607666,27.612499237060547,27.127500534057617,27.24250030517578,199985200
2015-09-08,25.14603805541992,28.07749938964844,28.13999938964844,27.57999992370605,27.9375,219374400
2015-09-09,24.66242218017578,27.537500381469727,28.5049991607666,27.4424991607666,28.440000534057617,340043200
2015-09-10,25.204259872436523,28.14249992370605,28.31999969482422,27.475000381469727,27.5674991607666,251571200
2015-09-11,25.571443557739254,28.552499771118164,28.552499771118164,27.940000534057617,27.94750022888184,199662000
2015-09-14,25.817731857299805,28.82749938964844,29.22249984741211,28.71500015258789,29.145000457763672,233453600
2015-09-15,26.0349178314209,29.06999969482422,29.13249969482422,28.604999542236328,28.982500076293945,173364800
2015-09-16,26.064022064208984,29.102500915527344,29.13500022888184,28.86000061035156,29.0625,148694000
2015-09-17,25.50651741027832,28.479999542236328,29.122499465942383,28.43000030517578,28.915000915527344,256450400
2015-09-18,25.401277542114254,28.362499237060547,28.575000762939453,27.967500686645508,28.052499771118164,297141200
2015-09-21,25.795345306396484,28.802499771118164,28.842500686645508,28.415000915527344,28.417499542236328,200888000
2015-09-22,25.39008903503418,28.350000381469727,28.545000076293945,28.1299991607666,28.34499931335449,201384800
2015-09-23,25.596078872680664,28.57999992370605,28.68000030517578,28.325000762939453,28.40749931335449,143026800
2015-09-24,25.748321533203125,28.75,28.875,28.092500686645508,28.3125,200878000
2015-09-25,25.683399200439453,28.677499771118164,29.17250061035156,28.5049991607666,29.11000061035156,224607600
2015-09-28,25.175138473510746,28.11000061035156,28.64249992370605,28.11000061035156,28.462499618530277,208436000
2015-09-29,24.41837310791016,27.26499938964844,28.377500534057617,26.96500015258789,28.207500457763672,293461600
2015-09-30,24.69600296020508,27.575000762939453,27.88500022888184,27.1825008392334,27.542499542236328,265892000
2015-10-01,24.53479766845703,27.395000457763672,27.405000686645508,26.82749938964844,27.26749992370605,255716400
2015-10-02,24.713916778564453,27.59499931335449,27.752500534057617,26.887500762939453,27.002500534057617,232079200
2015-10-05,24.803476333618164,27.69499969482422,27.842500686645508,27.26749992370605,27.46999931335449,208258800
2015-10-06,24.922138214111328,27.82749938964844,27.934999465942383,27.4424991607666,27.65749931335449,192787200
2015-10-07,24.803476333618164,27.69499969482422,27.9424991607666,27.352500915527344,27.934999465942383,187062400
2015-10-08,24.516889572143555,27.375,27.54750061035156,27.052499771118164,27.54750061035156,247918400
2015-10-09,25.103500366210938,28.030000686645508,28.06999969482422,27.372499465942383,27.5,211064400
2015-10-12,24.9870719909668,27.899999618530277,28.1875,27.86000061035156,28.1825008392334,121868800
2015-10-13,25.029617309570312,27.94750022888184,28.112499237060547,27.670000076293945,27.70499992370605,132197200
2015-10-14,24.67584800720215,27.552499771118164,27.8799991607666,27.38999938964844,27.82250022888184,177849600
2015-10-15,25.0452823638916,27.96500015258789,28.024999618530277,27.622499465942383,27.732500076293945,150694000
2015-10-16,24.8616886138916,27.76000022888184,28.0,27.63249969482422,27.94499969482422,156930400
2015-10-19,25.016172409057617,27.9325008392334,27.9375,27.52750015258789,27.700000762939453,119036800
2015-10-20,25.472930908203125,28.4424991607666,28.542499542236328,27.70499992370605,27.834999084472656,195871200
2015-10-21,25.47068977355957,28.440000534057617,28.895000457763672,28.424999237060547,28.5,167180800
2015-10-22,25.860275268554688,28.875,28.875,28.524999618530277,28.582500457763672,166616400
2015-10-23,26.661836624145508,29.770000457763672,29.8075008392334,29.082500457763672,29.174999237060547,237467600
2015-10-26,25.811017990112305,28.81999969482422,29.53249931335449,28.729999542236328,29.520000457763672,265335200
2015-10-27,25.647565841674805,28.637500762939453,29.13500022888184,28.497499465942383,28.850000381469727,279537600
2015-10-28,26.70437240600586,29.8174991607666,29.825000762939453,29.01499938964844,29.232500076293945,342205600
2015-10-29,26.98648834228516,30.13249969482422,30.17250061035156,29.5674991607666,29.674999237060547,204909200
2015-10-30,26.7558708190918,29.875,30.30500030517578,29.862499237060547,30.247499465942383,197461200
2015-11-02,27.13201904296875,30.295000076293945,30.34000015258789,29.90250015258789,30.200000762939453,128813200
2015-11-03,27.4432430267334,30.64249992370605,30.872499465942383,30.174999237060547,30.19750022888184,182076000
2015-11-04,27.315614700317383,30.5,30.95499992370605,30.405000686645508,30.78249931335449,179544400
2015-11-05,27.18969345092773,30.229999542236328,30.67250061035156,30.045000076293945,30.462499618530277,158210800
2015-11-06,27.221172332763672,30.26499938964844,30.45249938964844,30.155000686645508,30.27750015258789,132169200
2015-11-09,27.110992431640625,30.14249992370605,30.45249938964844,30.012500762939453,30.239999771118164,135485600
2015-11-10,26.25653648376465,29.1924991607666,29.51749992370605,29.01499938964844,29.225000381469727,236511600
2015-11-11,26.108131408691406,29.02750015258789,29.354999542236328,28.802499771118164,29.092500686645508,180872000
2015-11-12,26.02044105529785,28.93000030517578,29.20499992370605,28.912500381469727,29.065000534057617,130102400
2015-11-13,25.26042366027832,28.084999084472656,28.89249992370605,28.0674991607666,28.799999237060547,183249600
2015-11-16,25.674156188964844,28.545000076293945,28.559999465942383,27.75,27.84499931335449,152426800
2015-11-17,25.56397819519043,28.42250061035156,28.762500762939453,28.32999992370605,28.729999542236328,110467600
2015-11-18,26.37346649169922,29.32250022888184,29.372499465942383,28.875,28.940000534057617,186698800
2015-11-19,26.7085018157959,29.69499969482422,29.9375,29.190000534057617,29.40999984741211,173183200
2015-11-20,26.825424194335938,29.825000762939453,29.979999542236328,29.712499618530277,29.799999237060547,137148400
2015-11-23,26.47689819335937,29.4375,29.9325008392334,29.334999084472656,29.8174991607666,129930000
2015-11-24,26.730987548828125,29.71999931335449,29.837499618530277,29.280000686645508,29.332500457763672,171212800
2015-11-25,26.539854049682617,29.50749969482422,29.8075008392334,29.479999542236328,29.802499771118164,85553200
2015-11-27,26.490392684936523,29.45249938964844,29.602500915527344,29.399999618530277,29.57250022888184,52185600
2015-11-30,26.600570678710938,29.575000762939453,29.852500915527344,29.4375,29.497499465942383,156721200
2015-12-01,26.38471031188965,29.334999084472656,29.70249938964844,29.21500015258789,29.6875,139409600
2015-12-02,26.1463565826416,29.06999969482422,29.52750015258789,29.020000457763672,29.334999084472656,133546400
2015-12-03,25.903507232666016,28.799999237060547,29.19750022888184,28.55500030517578,29.137500762939453,166278000
2015-12-04,26.76471900939941,29.75749969482422,29.8125,28.77750015258789,28.82250022888184,231108000
2015-12-07,26.596071243286133,29.56999969482422,29.96500015258789,29.45249938964844,29.7450008392334,128336800
2015-12-08,26.5848331451416,29.5575008392334,29.649999618530277,29.21500015258789,29.3799991607666,137238000
2015-12-09,25.997957229614254,28.905000686645508,29.42250061035156,28.770000457763672,29.40999984741211,185445600
2015-12-10,26.121627807617188,29.042499542236328,29.23500061035156,28.877500534057617,29.01000022888184,116850800
2015-12-11,25.44930648803711,28.295000076293945,28.84749984741211,28.212499618530277,28.79750061035156,187544800
2015-12-14,25.291898727416992,28.1200008392334,28.170000076293945,27.44750022888184,28.045000076293945,257274800
2015-12-15,24.84444046020508,27.622499465942383,28.200000762939453,27.587499618530277,27.98500061035156,213292400
2015-12-16,25.035568237304688,27.834999084472656,27.997499465942383,27.200000762939453,27.76749992370605,224954000
2015-12-17,24.504905700683597,27.2450008392334,28.0625,27.2450008392334,28.0049991607666,179091200
2015-12-18,23.841577529907227,26.50749969482422,27.3799991607666,26.45249938964844,27.227500915527344,385813200
2015-12-21,24.13389015197754,26.832500457763672,26.842500686645508,26.39249992370605,26.81999969482422,190362400
2015-12-22,24.111400604248047,26.8075008392334,26.93000030517578,26.612499237060547,26.850000381469727,131157600
2015-12-23,24.421709060668945,27.15250015258789,27.212499618530277,26.799999237060547,26.8174991607666,130629600
2015-12-24,24.29129219055176,27.00749969482422,27.25,26.987499237060547,27.25,54281600
2015-12-28,24.019210815429688,26.70499992370605,26.92250061035156,26.545000076293945,26.897499084472656,106816800
2015-12-29,24.450937271118164,27.184999465942383,27.357500076293945,26.71500015258789,26.739999771118164,123724800
2015-12-30,24.131635665893555,26.82999992370605,27.174999237060547,26.795000076293945,27.145000457763672,100855200
2015-12-31,23.668437957763672,26.315000534057617,26.75749969482422,26.20499992370605,26.752500534057617,163649200
2016-01-04,23.688671112060547,26.337499618530277,26.342500686645508,25.5,25.65250015258789,270597600
2016-01-05,23.095050811767575,25.677499771118164,26.462499618530277,25.602500915527344,26.4375,223164000
2016-01-06,22.643089294433597,25.174999237060547,25.592500686645508,24.967500686645508,25.13999938964844,273829600
2016-01-07,21.68744659423828,24.112499237060547,25.03249931335449,24.107500076293945,24.670000076293945,324377600
2016-01-08,21.802120208740234,24.239999771118164,24.77750015258789,24.190000534057617,24.637500762939453,283192000
2016-01-11,22.15514373779297,24.63249969482422,24.76499938964844,24.334999084472656,24.74250030517578,198957600
2016-01-12,22.476694107055664,24.989999771118164,25.17250061035156,24.709999084472656,25.137500762939453,196616800
2016-01-13,21.898815155029297,24.34749984741211,25.29750061035156,24.325000762939453,25.07999992370605,249758400
2016-01-14,22.377758026123047,24.8799991607666,25.1200008392334,23.934999465942383,24.489999771118164,252680400
2016-01-15,21.84034538269043,24.28249931335449,24.427499771118164,23.84000015258789,24.049999237060547,319335600
2016-01-19,21.734668731689453,24.165000915527344,24.662500381469727,23.875,24.602500915527344,212350800
2016-01-20,21.76390266418457,24.19750022888184,24.54750061035156,23.354999542236328,23.774999618530277,289337600
2016-01-21,21.653715133666992,24.075000762939453,24.46999931335449,23.73500061035156,24.26499938964844,208646000
2016-01-22,22.80498695373535,25.354999542236328,25.364999771118164,24.592500686645508,24.65749931335449,263202000
2016-01-25,22.359771728515625,24.86000061035156,25.38249969482422,24.802499771118164,25.3799991607666,207178000
2016-01-26,22.48343849182129,24.997499465942383,25.21999931335449,24.51749992370605,24.982500076293945,300308000
2016-01-27,21.006122589111328,23.354999542236328,24.15749931335449,23.334999084472656,24.01000022888184,533478800
2016-01-28,21.156784057617188,23.522499084472656,23.6299991607666,23.09749984741211,23.44750022888184,222715200
2016-01-29,21.887569427490234,24.334999084472656,24.334999084472656,23.587499618530277,23.69750022888184,257666000
2016-02-01,21.68295288085937,24.107500076293945,24.177499771118164,23.850000381469727,24.11750030517578,163774000
2016-02-02,21.244482040405277,23.6200008392334,24.01000022888184,23.56999969482422,23.854999542236328,149428800
2016-02-03,21.664958953857425,24.087499618530277,24.209999084472656,23.520000457763672,23.75,183857200
2016-02-04,21.83903694152832,24.149999618530277,24.332500457763672,23.79750061035156,23.96500015258789,185886800
2016-02-05,21.25575828552246,23.5049991607666,24.229999542236328,23.42250061035156,24.1299991607666,185672400
2016-02-08,21.479581832885746,23.752500534057617,23.924999237060547,23.26000022888184,23.28249931335449,216085600
2016-02-09,21.47504997253418,23.747499465942383,23.98500061035156,23.482500076293945,23.57250022888184,177324800
2016-02-10,21.312278747558597,23.5674991607666,24.087499618530277,23.524999618530277,23.979999542236328,169374400
2016-02-11,21.18341636657715,23.424999237060547,23.68000030517578,23.147499084472656,23.44750022888184,200298800
2016-02-12,21.24897575378418,23.497499465942383,23.625,23.252500534057617,23.54750061035156,161405600
2016-02-16,21.84808349609375,24.15999984741211,24.212499618530277,23.65250015258789,23.7549991607666,196231600
2016-02-17,22.18267822265625,24.530000686645508,24.552499771118164,24.037500381469727,24.167499542236328,179452800
2016-02-18,21.76217269897461,24.065000534057617,24.72249984741211,24.022499084472656,24.709999084472656,156084000
2016-02-19,21.712440490722656,24.01000022888184,24.190000534057617,23.950000762939453,24.0,141496800
2016-02-22,21.90233993530273,24.21999931335449,24.225000381469727,23.979999542236328,24.07749938964844,137123200
2016-02-23,21.40723419189453,23.67250061035156,24.125,23.637500762939453,24.100000381469727,127770400
2016-02-24,21.72599983215332,24.024999618530277,24.09499931335449,23.32999992370605,23.4950008392334,145022800
2016-02-25,21.875213623046875,24.190000534057617,24.190000534057617,23.8125,24.012500762939453,110330800
2016-02-26,21.909130096435547,24.227500915527344,24.5049991607666,24.145000457763672,24.299999237060547,115964400
2016-02-29,21.859390258789062,24.17250061035156,24.5575008392334,24.162500381469727,24.21500015258789,140865200
2016-03-01,22.727519989013672,25.13249969482422,25.1924991607666,24.354999542236328,24.412500381469727,201628400
2016-03-02,22.777257919311523,25.1875,25.22249984741211,24.90999984741211,25.127500534057617,132678400
2016-03-03,22.94681739807129,25.375,25.427499771118164,25.112499237060547,25.145000457763672,147822800
2016-03-04,23.28820037841797,25.752500534057617,25.9375,25.342500686645508,25.592500686645508,184220400
2016-03-07,23.030467987060547,25.467500686645508,25.707500457763672,25.239999771118164,25.59749984741211,143315600
2016-03-08,22.840559005737305,25.25749969482422,25.440000534057617,25.100000381469727,25.19499969482422,126247600
2016-03-09,22.86090660095215,25.280000686645508,25.395000457763672,25.0674991607666,25.32749938964844,108806800
2016-03-10,22.87220764160156,25.292499542236328,25.559999465942383,25.037500381469727,25.352500915527344,134054400
2016-03-11,23.118637084960938,25.565000534057617,25.56999969482422,25.375,25.559999465942383,109632800
2016-03-14,23.177417755126957,25.6299991607666,25.727500915527344,25.44499969482422,25.477500915527344,100304400
2016-03-15,23.64313316345215,26.145000457763672,26.295000076293945,25.962499618530277,25.989999771118164,160270800
2016-03-16,23.957380294799805,26.49250030517578,26.57749938964844,26.147499084472656,26.15250015258789,153214000
2016-03-17,23.918949127197266,26.450000762939453,26.61750030517578,26.239999771118164,26.3799991607666,137682800
2016-03-18,23.94607353210449,26.479999542236328,26.625,26.29750061035156,26.584999084472656,176820800
2016-03-21,23.943822860717773,26.477500915527344,26.912500381469727,26.28499984741211,26.482500076293945,142010800
2016-03-22,24.126934051513672,26.68000030517578,26.82250022888184,26.302499771118164,26.3125,129777600
2016-03-23,23.993553161621094,26.53249931335449,26.76749992370605,26.475000381469727,26.6200008392334,102814000
2016-03-24,23.889558792114254,26.417499542236328,26.5625,26.22249984741211,26.36750030517578,104532000
2016-03-28,23.78103828430176,26.29750061035156,26.54750061035156,26.26499938964844,26.5,77645600
2016-03-29,24.34396743774414,26.920000076293945,26.94750022888184,26.21999931335449,26.22249984741211,124760400
2016-03-30,24.76899719238281,27.38999938964844,27.604999542236328,27.149999618530277,27.162500381469727,182404400
2016-03-31,24.6401309967041,27.247499465942383,27.475000381469727,27.21999931335449,27.43000030517578,103553600
2016-04-01,24.8662109375,27.497499465942383,27.5,27.049999237060547,27.19499969482422,103496000
2016-04-04,25.121679306030277,27.780000686645508,28.04750061035156,27.5674991607666,27.604999542236328,149424800
2016-04-05,24.825511932373047,27.45249938964844,27.6825008392334,27.354999542236328,27.377500534057617,106314800
2016-04-06,25.085498809814453,27.739999771118164,27.7450008392334,27.299999237060547,27.5575008392334,105616400
2016-04-07,24.53840065002441,27.13500022888184,27.604999542236328,27.030000686645508,27.487499237060547,127207600
2016-04-08,24.565534591674805,27.165000915527344,27.4424991607666,27.042499542236328,27.227500915527344,94326800
2016-04-11,24.646923065185547,27.2549991607666,27.65250015258789,27.207500457763672,27.24250030517578,117630000
2016-04-12,24.96795082092285,27.61000061035156,27.625,27.165000915527344,27.334999084472656,108929200
2016-04-13,25.329673767089844,28.01000022888184,28.084999084472656,27.700000762939453,27.700000762939453,133029200
2016-04-14,25.343231201171875,28.024999618530277,28.09749984741211,27.832500457763672,27.905000686645508,101895600
2016-04-15,24.83456039428711,27.462499618530277,28.075000762939453,27.4325008392334,28.02750015258789,187756000
2016-04-18,24.29875946044922,26.8700008392334,27.237499237060547,26.73500061035156,27.22249984741211,243286000
2016-04-19,24.169898986816406,26.727500915527344,27.0,26.5575008392334,26.96999931335449,129539600
2016-04-20,24.219635009765625,26.78249931335449,27.022499084472656,26.51499938964844,26.65999984741211,122444000
2016-04-21,23.957380294799805,26.49250030517578,26.732500076293945,26.3799991607666,26.732500076293945,126210000
2016-04-22,23.891815185546875,26.420000076293945,26.6200008392334,26.155000686645508,26.252500534057617,134732400
2016-04-25,23.75617218017578,26.270000457763672,26.412500381469727,26.127500534057617,26.25,112126400
2016-04-26,23.59113883972168,26.087499618530277,26.325000762939453,25.977500915527344,25.977500915527344,224064800
2016-04-27,22.11485481262207,24.45499992370605,24.677499771118164,23.920000076293945,24.0,458408400
2016-04-28,21.43888282775879,23.707500457763672,24.46999931335449,23.5625,24.40250015258789,328970800
2016-04-29,21.192455291748047,23.434999465942383,23.68000030517578,23.127500534057617,23.497499465942383,274126000
2016-05-02,21.169857025146484,23.40999984741211,23.520000457763672,23.100000381469727,23.49250030517578,192640400
2016-05-03,21.51801300048828,23.795000076293945,23.934999465942383,23.420000076293945,23.549999237060547,227325200
2016-05-04,21.294193267822266,23.54750061035156,23.975000381469727,23.45499992370605,23.799999237060547,164102000
2016-05-05,21.207761764526367,23.309999465942383,23.51749992370605,23.170000076293945,23.5,143562000
2016-05-06,21.089488983154297,23.18000030517578,23.362499237060547,22.962499618530277,23.342500686645508,174799600
2016-05-09,21.105409622192383,23.19750022888184,23.4424991607666,23.147499084472656,23.25,131745600
2016-05-10,21.248699188232425,23.354999542236328,23.39249992370605,23.02750015258789,23.332500457763672,134747200
2016-05-11,21.04172134399414,23.127500534057617,23.39249992370605,23.114999771118164,23.3700008392334,114876400
2016-05-12,20.548145294189453,22.584999084472656,23.19499969482422,22.36750030517578,23.18000030517578,305258800
2016-05-13,20.589086532592773,22.6299991607666,22.917499542236328,22.5,22.5,177571200
2016-05-16,21.35333251953125,23.46999931335449,23.59749984741211,22.912500381469727,23.09749984741211,245039200
2016-05-17,21.264623641967773,23.372499465942383,23.674999237060547,23.252500534057617,23.637500762939453,187667600
2016-05-18,21.507997512817383,23.63999938964844,23.802499771118164,23.47249984741211,23.540000915527344,168249600
2016-05-19,21.426118850708008,23.549999237060547,23.65999984741211,23.39249992370605,23.65999984741211,121768400
2016-05-20,21.65811920166016,23.80500030517578,23.857500076293945,23.6299991607666,23.65999984741211,128104000
2016-05-23,21.93334007263184,24.107500076293945,24.29750061035156,23.917499542236328,23.967500686645508,152074400
2016-05-24,22.267690658569336,24.475000381469727,24.522499084472656,24.209999084472656,24.30500030517578,140560800
2016-05-25,22.658912658691406,24.905000686645508,24.934999465942383,24.52750015258789,24.667499542236328,152675200
2016-05-26,22.838603973388672,25.102500915527344,25.1825008392334,24.65999984741211,24.920000076293945,225324800
2016-05-27,22.82495880126953,25.087499618530277,25.11750030517578,24.8125,24.86000061035156,145364800
2016-05-31,22.7135066986084,24.96500015258789,25.100000381469727,24.70499992370605,24.899999618530277,169228800
2016-06-01,22.39507102966309,24.614999771118164,24.88500022888184,24.582500457763672,24.7549991607666,116693200
2016-06-02,22.226749420166016,24.43000030517578,24.459999084472656,24.15749931335449,24.399999618530277,160766400
2016-06-03,22.272241592407227,24.479999542236328,24.5674991607666,24.362499237060547,24.44750022888184,114019600
2016-06-06,22.43373107910156,24.65749931335449,25.47249984741211,24.387500762939453,24.497499465942383,93170000
2016-06-07,22.52471923828125,24.75749969482422,24.967500686645508,24.739999771118164,24.8125,89638000
2016-06-08,22.504243850708008,24.73500061035156,24.88999938964844,24.670000076293945,24.7549991607666,83392400
2016-06-09,22.665735244750977,24.912500381469727,24.997499465942383,24.614999771118164,24.625,106405600
2016-06-10,22.47922706604004,24.707500457763672,24.837499618530277,24.6200008392334,24.63249969482422,126851600
2016-06-13,22.140321731567383,24.334999084472656,24.780000686645508,24.274999618530277,24.67250061035156,152082000
2016-06-14,22.167612075805664,24.364999771118164,24.6200008392334,24.1875,24.32999992370605,127727600
2016-06-15,22.094831466674805,24.28499984741211,24.602500915527344,24.25749969482422,24.45499992370605,117780800
2016-06-16,22.188087463378903,24.387500762939453,24.4375,24.01749992370605,24.112499237060547,125307200
2016-06-17,21.683143615722656,23.832500457763672,24.162500381469727,23.825000762939453,24.155000686645508,244032800
2016-06-20,21.630828857421875,23.774999618530277,24.14249992370605,23.75749969482422,24.0,137647600
2016-06-21,21.8150691986084,23.977500915527344,24.087499618530277,23.670000076293945,23.73500061035156,142185600
2016-06-22,21.73318099975586,23.887500762939453,24.22249984741211,23.837499618530277,24.0625,116876400
2016-06-23,21.858278274536133,24.024999618530277,24.07250022888184,23.8125,23.98500061035156,128960800
2016-06-24,21.24416160583496,23.350000381469727,23.665000915527344,23.162500381469727,23.227500915527344,301245600
2016-06-27,20.934816360473636,23.01000022888184,23.262500762939453,22.875,23.25,181958400
2016-06-28,21.2873649597168,23.397499084472656,23.415000915527344,23.03499984741211,23.225000381469727,161779600
2016-06-29,21.471603393554688,23.600000381469727,23.637500762939453,23.40749931335449,23.49250030517578,146124000
2016-06-30,21.744556427001957,23.899999618530277,23.9424991607666,23.575000762939453,23.61000061035156,143345600
2016-07-01,21.81052017211914,23.97249984741211,24.11750030517578,23.832500457763672,23.872499465942383,104106000
2016-07-05,21.60580062866211,23.747499465942383,23.850000381469727,23.614999771118164,23.84749984741211,110820800
2016-07-06,21.72862243652344,23.88249969482422,23.915000915527344,23.592500686645508,23.649999618530277,123796400
2016-07-07,21.821889877319336,23.98500061035156,24.125,23.905000686645508,23.924999237060547,100558400
2016-07-08,21.990198135375977,24.170000076293945,24.22249984741211,24.012500762939453,24.122499465942383,115648400
2016-07-11,22.058439254760746,24.2450008392334,24.412500381469727,24.1825008392334,24.1875,95179600
2016-07-12,22.15851593017578,24.354999542236328,24.424999237060547,24.280000686645508,24.292499542236328,96670000
2016-07-13,22.033422470092773,24.217500686645508,24.417499542236328,24.209999084472656,24.352500915527344,103568800
2016-07-14,22.47013092041016,24.69750022888184,24.747499465942383,24.32999992370605,24.34749984741211,155676000
2016-07-15,22.467857360839844,24.69499969482422,24.825000762939453,24.625,24.729999542236328,120548000
2016-07-18,22.706676483154297,24.957500457763672,25.03249931335449,24.649999618530277,24.674999237060547,145975600
2016-07-19,22.715776443481445,24.967500686645508,25.0,24.834999084472656,24.88999938964844,95119600
2016-07-20,22.73624992370605,24.989999771118164,25.114999771118164,24.934999465942383,25.0,105104000
2016-07-21,22.61569023132324,24.857500076293945,25.25,24.78249931335449,24.957500457763672,130808000
2016-07-22,22.4405574798584,24.665000915527344,24.825000762939453,24.57749938964844,24.815000534057617,113254800
2016-07-25,22.140321731567383,24.334999084472656,24.709999084472656,24.229999542236328,24.5625,161531600
2016-07-26,21.98792839050293,24.167499542236328,24.49250030517578,24.104999542236328,24.20499992370605,224959200
2016-07-27,23.416332244873047,25.737499237060547,26.087499618530277,25.6875,26.0674991607666,369379200
2016-07-28,23.73248672485352,26.084999084472656,26.112499237060547,25.70499992370605,25.707500457763672,159479200
2016-07-29,23.70292282104492,26.052499771118164,26.137500762939453,25.920000076293945,26.04750061035156,110934800
2016-08-01,24.121448516845703,26.512500762939453,26.537500381469727,26.102500915527344,26.102500915527344,152671600
2016-08-02,23.764347076416016,26.1200008392334,26.51749992370605,26.0,26.512500762939453,135266400
2016-08-03,24.062301635742188,26.44750022888184,26.459999084472656,26.1924991607666,26.20249938964844,120810400
2016-08-04,24.210952758789062,26.467500686645508,26.5,26.31999969482422,26.395000457763672,109634800
2016-08-05,24.579132080078125,26.8700008392334,26.912500381469727,26.545000076293945,26.5674991607666,162213600
2016-08-08,24.78266143798828,27.092500686645508,27.092500686645508,26.790000915527344,26.8799991607666,112148800
2016-08-09,24.883285522460938,27.20249938964844,27.23500061035156,27.002500534057617,27.0575008392334,105260800
2016-08-10,24.69804954528809,27.0,27.225000381469727,26.940000534057617,27.177499771118164,96034000
2016-08-11,24.682039260864254,26.982500076293945,27.232500076293945,26.962499618530277,27.1299991607666,109938000
2016-08-12,24.73921203613281,27.045000076293945,27.11000061035156,26.94499969482422,26.94499969482422,74641600
2016-08-15,25.03650665283203,27.3700008392334,27.38500022888184,27.020000457763672,27.03499984741211,103472800
2016-08-16,25.01363754272461,27.34499931335449,27.5575008392334,27.302499771118164,27.40749931335449,135177600
2016-08-17,24.97704315185547,27.30500030517578,27.342500686645508,27.084999084472656,27.274999618530277,101424000
2016-08-18,24.945032119750977,27.270000457763672,27.399999618530277,27.2549991607666,27.3075008392334,87938800
2016-08-19,25.00905418395996,27.34000015258789,27.42250061035156,27.09000015258789,27.1924991607666,101472400
2016-08-22,24.814674377441406,27.127500534057617,27.274999618530277,26.962499618530277,27.21500015258789,103280800
2016-08-23,24.89243698120117,27.212499618530277,27.32999992370605,27.13249969482422,27.147499084472656,85030800
2016-08-24,24.704910278320312,27.00749969482422,27.1875,26.920000076293945,27.14249992370605,94700400
2016-08-25,24.599714279174805,26.89249992370605,26.96999931335449,26.670000076293945,26.84749984741211,100344800
2016-08-26,24.455644607543945,26.73500061035156,26.987499237060547,26.57749938964844,26.852500915527344,111065200
2016-08-29,24.428203582763672,26.70499992370605,26.86000061035156,26.57250022888184,26.655000686645508,99881200
2016-08-30,24.24067687988281,26.5,26.625,26.375,26.450000762939453,99455600
2016-08-31,24.2635440826416,26.524999618530277,26.64249992370605,26.40999984741211,26.415000915527344,118649600
2016-09-01,24.407621383666992,26.6825008392334,26.700000762939453,26.405000686645508,26.53499984741211,106806000
2016-09-02,24.636302947998047,26.9325008392334,27.0,26.70499992370605,26.924999237060547,107210000
2016-09-06,24.629438400268555,26.924999237060547,27.075000762939453,26.877500534057617,26.975000381469727,107521600
2016-09-07,24.78037452697754,27.09000015258789,27.190000534057617,26.76749992370605,26.957500457763672,169457200
2016-09-08,24.13090705871582,26.3799991607666,26.8174991607666,26.309999465942383,26.8125,212008000
2016-09-09,23.5843505859375,25.78249931335449,26.43000030517578,25.78249931335449,26.15999984741211,186228000
2016-09-12,24.112621307373047,26.36000061035156,26.43000030517578,25.63249969482422,25.662500381469727,181171200
2016-09-13,24.686613082885746,26.987499237060547,27.19750022888184,26.809999465942383,26.877500534057617,248704800
2016-09-14,25.560192108154297,27.9424991607666,28.25749969482422,27.149999618530277,27.1825008392334,443554800
2016-09-15,26.42919540405273,28.89249992370605,28.9325008392334,28.372499465942383,28.46500015258789,359934400
2016-09-16,26.280553817749023,28.729999542236328,29.03249931335449,28.51000022888184,28.780000686645508,319547600
2016-09-19,25.97411727905273,28.395000457763672,29.045000076293945,28.3125,28.79750061035156,188092000
2016-09-20,25.971826553344727,28.39249992370605,28.530000686645508,28.127500534057617,28.262500762939453,138057200
2016-09-21,25.96725845336914,28.387500762939453,28.497499465942383,28.11000061035156,28.462499618530277,144012800
2016-09-22,26.21194648742676,28.655000686645508,28.73500061035156,28.5,28.587499618530277,124296000
2016-09-23,25.77515983581543,28.177499771118164,28.69750022888184,27.887500762939453,28.604999542236328,209924800
2016-09-26,25.81403160095215,28.21999931335449,28.34749984741211,27.887500762939453,27.90999984741211,119477600
2016-09-27,25.862060546875,28.272499084472656,28.295000076293945,28.084999084472656,28.25,98429600
2016-09-28,26.058727264404297,28.487499237060547,28.65999984741211,28.357500076293945,28.42250061035156,118564400
2016-09-29,25.65395164489746,28.045000076293945,28.450000762939453,27.950000762939453,28.290000915527344,143548000
2016-09-30,25.85291290283203,28.262500762939453,28.342500686645508,27.950000762939453,28.114999771118164,145516400
2016-10-03,25.73170661926269,28.1299991607666,28.262500762939453,28.06999969482422,28.177499771118164,86807200
2016-10-04,25.841480255126957,28.25,28.57749938964844,28.15749931335449,28.26499938964844,118947200
2016-10-05,25.85291290283203,28.262500762939453,28.415000915527344,28.17250061035156,28.350000381469727,85812400
2016-10-06,26.04500770568848,28.47249984741211,28.584999084472656,28.28249931335449,28.424999237060547,115117200
2016-10-07,26.083881378173828,28.51499938964844,28.63999938964844,28.377500534057617,28.57749938964844,97433600
2016-10-10,26.53896713256836,29.012500762939453,29.1875,28.68000030517578,28.7549991607666,144944000
2016-10-11,26.59613800048828,29.075000762939453,29.67250061035156,29.049999237060547,29.424999237060547,256164000
2016-10-12,26.833965301513672,29.334999084472656,29.4950008392334,29.1875,29.337499618530277,150347200
2016-10-13,26.751651763916016,29.2450008392334,29.36000061035156,28.93000030517578,29.19750022888184,140769600
2016-10-14,26.90028953552246,29.40749931335449,29.542499542236328,29.28249931335449,29.46999931335449,142608800
2016-10-17,26.881999969482425,29.387500762939453,29.459999084472656,29.19499969482422,29.332500457763672,94499600
2016-10-18,26.86370277404785,29.36750030517578,29.552499771118164,29.362499237060547,29.545000076293945,98214000
2016-10-19,26.78365898132324,29.280000686645508,29.440000534057617,28.450000762939453,29.3125,80138400
2016-10-20,26.76993560791016,29.26499938964844,29.34499931335449,29.082500457763672,29.21500015258789,96503200
2016-10-21,26.66474723815918,29.149999618530277,29.227500915527344,29.06999969482422,29.20249938964844,92770800
2016-10-24,26.904869079589844,29.412500381469727,29.434999465942383,29.25,29.274999618530277,94154800
2016-10-25,27.04207801818848,29.5625,29.59000015258789,29.32749938964844,29.487499237060547,192516000
2016-10-26,26.433767318725582,28.897499084472656,28.924999237060547,28.32749938964844,28.57749938964844,264536800
2016-10-27,26.1799373626709,28.6200008392334,28.96500015258789,28.524999618530277,28.84749984741211,138248000
2016-10-28,26.00613212585449,28.43000030517578,28.802499771118164,28.362499237060547,28.467500686645508,151446800
2016-10-31,25.9649658203125,28.38500022888184,28.5575008392334,28.299999237060547,28.412500381469727,105677600
2016-11-01,25.49616432189941,27.872499465942383,28.4424991607666,27.63249969482422,28.364999771118164,175303200
2016-11-02,25.519025802612305,27.897499084472656,28.087499618530277,27.8075008392334,27.850000381469727,113326800
2016-11-03,25.24549865722656,27.457500457763672,27.864999771118164,27.387500762939453,27.7450008392334,107730400
2016-11-04,25.017932891845703,27.209999084472656,27.5625,27.02750015258789,27.13249969482422,123348000
2016-11-07,25.378808975219727,27.602500915527344,27.627500534057617,27.364999771118164,27.520000457763672,130240000
2016-11-08,25.528226852416992,27.76499938964844,27.93000030517578,27.424999237060547,27.57749938964844,97016800
2016-11-09,25.48685073852539,27.71999931335449,27.82999992370605,27.012500762939453,27.46999931335449,236705600
2016-11-10,24.776588439941406,26.94750022888184,27.772499084472656,26.457500457763672,27.772499084472656,228538000
2016-11-11,24.923688888549805,27.107500076293945,27.217500686645508,26.637500762939453,26.780000686645508,136575600
2016-11-14,24.29847717285156,26.427499771118164,26.95249938964844,26.020000457763672,26.927499771118164,204702000
2016-11-15,24.620275497436523,26.77750015258789,26.920000076293945,26.540000915527344,26.64249992370605,129058000
2016-11-16,25.282276153564453,27.497499465942383,27.5575008392334,26.649999618530277,26.674999237060547,235362000
2016-11-17,25.27307891845703,27.487499237060547,27.587499618530277,27.207500457763672,27.45249938964844,110528000
2016-11-18,25.29836654663086,27.51499938964844,27.63500022888184,27.415000915527344,27.43000030517578,113715600
2016-11-21,25.682233810424805,27.9325008392334,27.997499465942383,27.502500534057617,27.530000686645508,117058400
2016-11-22,25.698318481445312,27.950000762939453,28.104999542236328,27.850000381469727,27.987499237060547,103862000
2016-11-23,25.567306518554688,27.8075008392334,27.877500534057617,27.582500457763672,27.84000015258789,109705600
2016-11-25,25.696020126342773,27.94750022888184,27.967500686645508,27.737499237060547,27.78249931335449,45903600
2016-11-28,25.645450592041016,27.89249992370605,28.11750030517578,27.84749984741211,27.857500076293945,108776000
2016-11-29,25.62016868591309,27.864999771118164,28.00749969482422,27.51749992370605,27.69499969482422,114115200
2016-11-30,25.404098510742188,27.6299991607666,28.049999237060547,27.5674991607666,27.899999618530277,144649200
2016-12-01,25.16734504699707,27.372499465942383,27.73500061035156,27.25749969482422,27.592500686645508,148347600
2016-12-02,25.261592864990234,27.475000381469727,27.522499084472656,27.212499618530277,27.292499542236328,106112000
2016-12-05,25.079998016357425,27.27750015258789,27.50749969482422,27.0625,27.5,137298000
2016-12-06,25.27307891845703,27.487499237060547,27.59000015258789,27.29750061035156,27.375,104782000
2016-12-07,25.52132797241211,27.75749969482422,27.79750061035156,27.290000915527344,27.315000534057617,119994800
2016-12-08,25.771873474121094,28.030000686645508,28.107500076293945,27.649999618530277,27.71500015258789,108273200
2016-12-09,26.19251823425293,28.487499237060547,28.674999237060547,28.07749938964844,28.07749938964844,137610400
2016-12-12,26.043115615844727,28.325000762939453,28.75,28.122499465942383,28.32250022888184,105497600
2016-12-13,26.47754669189453,28.79750061035156,28.979999542236328,28.4375,28.459999084472656,174935200
2016-12-14,26.47754669189453,28.79750061035156,29.049999237060547,28.7450008392334,28.76000022888184,136127200
2016-12-15,26.622360229492188,28.95499992370605,29.1825008392334,28.8075008392334,28.84499931335449,186098000
2016-12-16,26.656837463378903,28.99250030517578,29.125,28.912500381469727,29.11750030517578,177404400
2016-12-19,26.81084442138672,29.15999984741211,29.34499931335449,28.9375,28.950000762939453,111117600
2016-12-20,26.882095336914062,29.237499237060547,29.375,29.170000076293945,29.184999465942383,85700000
2016-12-21,26.90738296508789,29.26499938964844,29.350000381469727,29.19499969482422,29.200000762939453,95132800
2016-12-22,26.73038673400879,29.07250022888184,29.127500534057617,28.90999984741211,29.087499618530277,104343600
2016-12-23,26.78325653076172,29.1299991607666,29.1299991607666,28.897499084472656,28.897499084472656,56998000
2016-12-27,26.95335960388184,29.315000534057617,29.450000762939453,29.122499465942383,29.1299991607666,73187600
2016-12-28,26.83842658996582,29.190000534057617,29.5049991607666,29.049999237060547,29.3799991607666,83623600
2016-12-29,26.83152961730957,29.1825008392334,29.27750015258789,29.100000381469727,29.112499237060547,60158000
2016-12-30,26.622360229492188,28.95499992370605,29.299999237060547,28.857500076293945,29.162500381469727,122345200
2017-01-03,26.698211669921875,29.037500381469727,29.082500457763672,28.690000534057617,28.950000762939453,115127600
2017-01-04,26.66832733154297,29.0049991607666,29.127500534057617,28.9375,28.962499618530277,84472400
2017-01-05,26.803943634033203,29.15250015258789,29.21500015258789,28.95249938964844,28.979999542236328,88774400
2017-01-06,27.102764129638672,29.477500915527344,29.540000915527344,29.11750030517578,29.19499969482422,127007600
2017-01-09,27.35100555419922,29.747499465942383,29.857500076293945,29.48500061035156,29.487499237060547,134247600
2017-01-10,27.37860107421875,29.77750015258789,29.84499931335449,29.575000762939453,29.6924991607666,97848400
2017-01-11,27.52570533752441,29.9375,29.982500076293945,29.649999618530277,29.684999465942383,110354400
2017-01-12,27.410776138305664,29.8125,29.825000762939453,29.552499771118164,29.725000381469727,108344800
2017-01-13,27.36250686645508,29.76000022888184,29.905000686645508,29.70249938964844,29.77750015258789,104447600
2017-01-17,27.58317375183105,30.0,30.059999465942383,29.55500030517578,29.584999084472656,137759200
2017-01-18,27.580867767333984,29.997499465942383,30.125,29.927499771118164,30.0,94852000
2017-01-19,27.532602310180664,29.94499969482422,30.022499084472656,29.842500686645508,29.850000381469727,102389200
2017-01-20,27.58317375183105,30.0,30.112499237060547,29.9325008392334,30.112499237060547,130391600
2017-01-23,27.6015567779541,30.020000457763672,30.20249938964844,29.9424991607666,30.0,88200800
2017-01-24,27.57627296447754,29.99250030517578,30.024999618530277,29.875,29.887500762939453,92844000
2017-01-25,28.015300750732425,30.46999931335449,30.524999618530277,30.06999969482422,30.104999542236328,129510400
2017-01-26,28.02910041809082,30.48500061035156,30.61000061035156,30.399999618530277,30.417499542236328,105350400
2017-01-27,28.031400680541992,30.487499237060547,30.587499618530277,30.399999618530277,30.53499984741211,82251600
2017-01-30,27.957839965820312,30.40749931335449,30.40749931335449,30.165000915527344,30.232500076293945,121510000
2017-01-31,27.89347648620605,30.337499618530277,30.34749984741211,30.155000686645508,30.287500381469727,196804000
2017-02-01,29.594444274902344,32.1875,32.622501373291016,31.752500534057617,31.75749969482422,447940000
2017-02-02,29.54387092590332,32.13249969482422,32.34749984741211,31.94499969482422,31.9950008392334,134841600
2017-02-03,29.67029571533203,32.27000045776367,32.29750061035156,32.040000915527344,32.07749938964844,98029200
2017-02-06,29.94842529296875,32.5724983215332,32.625,32.224998474121094,32.282501220703125,107383600
2017-02-07,30.23345184326172,32.88249969482422,33.022499084472656,32.61249923706055,32.6349983215332,152735200
2017-02-08,30.35068702697754,33.0099983215332,33.05500030517578,32.80500030517578,32.837501525878906,92016400
2017-02-09,30.569997787475582,33.10499954223633,33.11249923706055,32.779998779296875,32.912498474121094,113399600
2017-02-10,30.500741958618164,33.029998779296875,33.23500061035156,33.01250076293945,33.1150016784668,80262000
2017-02-13,30.770835876464844,33.3224983215332,33.45500183105469,33.1875,33.27000045776367,92141600
2017-02-14,31.170215606689453,33.755001068115234,33.772499084472656,33.3125,33.36750030517578,132904800
2017-02-15,31.283342361450195,33.877498626708984,34.067501068115234,33.654998779296875,33.880001068115234,142492400
2017-02-16,31.246410369873047,33.837501525878906,33.974998474121094,33.709999084472656,33.91749954223633,90338400
2017-02-17,31.33182907104492,33.93000030517578,33.95750045776367,33.775001525878906,33.775001525878906,88792800
2017-02-21,31.55806541442871,34.17499923706055,34.1875,33.994998931884766,34.057498931884766,98028800
2017-02-22,31.652708053588867,34.27750015258789,34.279998779296875,34.02750015258789,34.10749816894531,83347600
2017-02-23,31.518817901611328,34.13249969482422,34.369998931884766,34.07500076293945,34.345001220703125,83152800
2017-02-24,31.54882431030273,34.165000915527344,34.165000915527344,33.81999969482422,33.977500915527344,87106400
2017-02-27,31.61116600036621,34.23249816894531,34.36000061035156,34.06999969482422,34.28499984741211,81029600
2017-02-28,31.625019073486328,34.247501373291016,34.36000061035156,34.17499923706055,34.27000045776367,93931600
2017-03-01,32.27141189575195,34.9474983215332,35.037498474121094,34.400001525878906,34.47249984741211,145658400
2017-03-02,32.079803466796875,34.7400016784668,35.06999969482422,34.689998626708984,35.0,104844000
2017-03-03,32.269100189208984,34.94499969482422,34.95750045776367,34.647499084472656,34.69499969482422,84432400
2017-03-06,32.16752624511719,34.834999084472656,34.942501068115234,34.650001525878906,34.842498779296875,87000000
2017-03-07,32.20907974243164,34.880001068115234,34.994998931884766,34.6974983215332,34.76499938964844,69785200
2017-03-08,32.08903884887695,34.75,34.95000076293945,34.70500183105469,34.73749923706055,74828800
2017-03-09,32.015159606933594,34.66999816894531,34.6974983215332,34.26250076293945,34.685001373291016,88623600
2017-03-10,32.12135696411133,34.78499984741211,34.84000015258789,34.65999984741211,34.8125,78451200
2017-03-13,32.13520812988281,34.79999923706055,34.85749816894531,34.70500183105469,34.712501525878906,69686800
2017-03-14,32.08671569824219,34.747501373291016,34.912498474121094,34.709999084472656,34.82500076293945,61236400
2017-03-15,32.42608642578125,35.1150016784668,35.1875,34.75749969482422,34.852500915527344,102767200
2017-03-16,32.47916793823242,35.17250061035156,35.255001068115234,35.064998626708984,35.18000030517578,76928000
2017-03-17,32.31758499145508,34.997501373291016,35.25,34.97249984741211,35.25,175540000
2017-03-20,32.65693664550781,35.3650016784668,35.375,35.057498931884766,35.099998474121094,86168000
2017-03-21,32.282936096191406,34.959999084472656,35.70000076293945,34.932498931884766,35.52750015258789,158119600
2017-03-22,32.64769744873047,35.35499954223633,35.400001525878906,34.939998626708984,34.962501525878906,103440800
2017-03-23,32.53227233886719,35.22999954223633,35.39500045776367,35.15250015258789,35.314998626708984,81385200
2017-03-24,32.46763229370117,35.15999984741211,35.435001373291016,35.087501525878906,35.375,89582400
2017-03-27,32.523048400878906,35.220001220703125,35.30500030517578,34.654998779296875,34.84749984741211,94300400
2017-03-28,33.197147369384766,35.95000076293945,36.0099983215332,35.154998779296875,35.227500915527344,133499200
2017-03-29,33.27101516723633,36.02999877929688,36.122501373291016,35.79750061035156,35.91999816894531,116760000
2017-03-30,33.2271614074707,35.98249816894531,36.125,35.875,36.04750061035156,84829200
2017-03-31,33.164825439453125,35.915000915527344,36.067501068115234,35.752498626708984,35.93000030517578,78646800
2017-04-03,33.1740608215332,35.92499923706055,36.02999877929688,35.76250076293945,35.9275016784668,79942800
2017-04-04,33.42107391357422,36.192501068115234,36.22249984741211,35.79249954223633,35.8125,79565600
2017-04-05,33.2479362487793,36.005001068115234,36.3650016784668,35.95249938964844,36.05500030517578,110871600
2017-04-06,33.164825439453125,35.915000915527344,36.130001068115234,35.86249923706055,36.0724983215332,84596000
2017-04-07,33.0909423828125,35.834999084472656,36.04499816894531,35.817501068115234,35.932498931884766,66688800
2017-04-10,33.051700592041016,35.79249954223633,35.970001220703125,35.724998474121094,35.900001525878906,75733600
2017-04-11,32.6961784362793,35.407501220703125,35.837501525878906,35.01499938964844,35.73500061035156,121517600
2017-04-12,32.73542404174805,35.45000076293945,35.537498474121094,35.252498626708984,35.400001525878906,81400000
2017-04-13,32.56229019165039,35.26250076293945,35.595001220703125,35.26250076293945,35.477500915527344,71291600
2017-04-17,32.74236297607422,35.45750045776367,35.470001220703125,35.217498779296875,35.369998931884766,66328400
2017-04-18,32.596920013427734,35.29999923706055,35.5099983215332,35.27750015258789,35.352500915527344,58790000
2017-04-19,32.476863861083984,35.16999816894531,35.5,35.11249923706055,35.470001220703125,69313600
2017-04-20,32.8831787109375,35.61000061035156,35.72999954223633,35.290000915527344,35.30500030517578,93278400
2017-04-21,32.84392166137695,35.567501068115234,35.66999816894531,35.462501525878906,35.61000061035156,69283600
2017-04-24,33.16020584106445,35.90999984741211,35.98749923706055,35.79499816894531,35.875,68537200
2017-04-25,33.36567306518555,36.13249969482422,36.22499847412109,35.967498779296875,35.977500915527344,75486000
2017-04-26,33.169437408447266,35.91999816894531,36.150001525878906,35.845001220703125,36.11750030517578,80164800
2017-04-27,33.194828033447266,35.9474983215332,36.040000915527344,35.82749938964844,35.97999954223633,56985200
2017-04-28,33.16250228881836,35.912498474121094,36.07500076293945,35.817501068115234,36.022499084472656,83441600
2017-05-01,33.83892822265625,36.64500045776367,36.79999923706055,36.2400016784668,36.275001525878906,134411600
2017-05-02,34.05361557006836,36.87749862670898,37.022499084472656,36.709999084472656,36.8849983215332,181408800
2017-05-03,33.949729919433594,36.76499938964844,36.872501373291016,36.067501068115234,36.397499084472656,182788000
2017-05-04,33.82738494873047,36.63249969482422,36.78499984741211,36.45249938964844,36.630001068115234,93487600
2017-05-05,34.38835906982422,37.2400016784668,37.244998931884766,36.68999862670898,36.68999862670898,109310800
2017-05-08,35.32332992553711,38.25249862670898,38.42499923706055,37.25749969482422,37.25749969482422,195009600
2017-05-09,35.54956817626953,38.497501373291016,38.720001220703125,38.36249923706055,38.46749877929688,156521600
2017-05-10,35.38103103637695,38.31499862670898,38.48500061035156,38.02750015258789,38.407501220703125,103222800
2017-05-11,35.6870231628418,38.48749923706055,38.51750183105469,38.07749938964844,38.11249923706055,109020400
2017-05-12,36.18541717529297,39.025001525878906,39.10499954223633,38.66749954223633,38.67499923706055,130108000
2017-05-15,36.09268951416016,38.92499923706055,39.16249847412109,38.76250076293945,39.00249862670898,104038800
2017-05-16,36.03939437866211,38.86750030517578,39.01499938964844,38.68000030517578,38.98500061035156,80194000
2017-05-17,34.82933807373047,37.5625,38.64250183105469,37.4275016784668,38.400001525878906,203070800
2017-05-18,35.36016845703125,38.1349983215332,38.334999084472656,37.782501220703125,37.817501068115234,134272800
2017-05-19,35.480709075927734,38.26499938964844,38.494998931884766,38.157501220703125,38.345001220703125,107843200
2017-05-22,35.69630432128906,38.497501373291016,38.64500045776367,38.227500915527344,38.5,91865600
2017-05-23,35.65225601196289,38.45000076293945,38.72499847412109,38.32749938964844,38.72499847412109,79675600
2017-05-24,35.54561996459961,38.334999084472656,38.54249954223633,38.16749954223633,38.459999084472656,76712000
2017-05-25,35.66848373413086,38.46749877929688,38.587501525878906,38.25749969482422,38.432498931884766,76942400
2017-05-26,35.60820770263672,38.40250015258789,38.560001373291016,38.32749938964844,38.5,87710400
2017-05-30,35.62212371826172,38.41749954223633,38.60749816894531,38.33250045776367,38.35499954223633,80507600
2017-05-31,35.41117477416992,38.18999862670898,38.54249954223633,38.095001220703125,38.49250030517578,97804800
2017-06-01,35.50852584838867,38.29499816894531,38.33250045776367,38.05500030517578,38.29249954223633,65616400
2017-06-02,36.03474426269531,38.86249923706055,38.86249923706055,38.22249984741211,38.39500045776367,111082800
2017-06-05,35.68238830566406,38.48249816894531,38.61249923706055,38.3650016784668,38.584999084472656,101326800
2017-06-06,35.80292892456055,38.61249923706055,38.95249938964844,38.44499969482422,38.47499847412109,106499600
2017-06-07,36.016197204589844,38.84249877929688,38.994998931884766,38.619998931884766,38.755001068115234,84278400
2017-06-08,35.928123474121094,38.747501373291016,38.8849983215332,38.59999847412109,38.8125,85003200
2017-06-09,34.53493881225586,37.244998931884766,38.79750061035156,36.505001068115234,38.79750061035156,259530800
2017-06-12,33.7097053527832,36.35499954223633,36.522499084472656,35.627498626708984,36.435001373291016,289229200
2017-06-13,33.98091506958008,36.647499084472656,36.86249923706055,36.28749847412109,36.790000915527344,136661600
2017-06-14,33.64942932128906,36.290000915527344,36.875,35.959999084472656,36.875,126124800
2017-06-15,33.447757720947266,36.0724983215332,36.119998931884766,35.5525016784668,35.83000183105469,128661600
2017-06-16,32.979488372802734,35.567501068115234,36.125,35.54999923706055,35.94499969482422,201444400
2017-06-19,33.92295455932617,36.584999084472656,36.685001373291016,35.915000915527344,35.915000915527344,130165600
2017-06-20,33.614654541015625,36.25249862670898,36.71749877929688,36.23500061035156,36.71749877929688,99600400
2017-06-21,33.81401824951172,36.46749877929688,36.51750183105469,36.15250015258789,36.380001068115234,85063200
2017-06-22,33.75836944580078,36.407501220703125,36.67499923706055,36.27999877929688,36.442501068115234,76425200
2017-06-23,33.90904998779297,36.56999969482422,36.790000915527344,36.27750015258789,36.282501220703125,141757600
2017-06-26,33.80242156982422,36.45500183105469,37.06999969482422,36.345001220703125,36.79249954223633,102769600
2017-06-27,33.31794357299805,35.932498931884766,36.540000915527344,35.904998779296875,36.25249862670898,99047600
2017-06-28,33.80473327636719,36.45750045776367,36.52750015258789,35.790000915527344,36.122501373291016,88329600
2017-06-29,33.30634689331055,35.91999816894531,36.282501220703125,35.56999969482422,36.1775016784668,125997600
2017-06-30,33.38517379760742,36.005001068115234,36.2400016784668,35.94499969482422,36.11249923706055,92096400
2017-07-03,33.26462173461914,35.875,36.32500076293945,35.775001525878906,36.220001220703125,57111200
2017-07-05,33.401390075683594,36.022499084472656,36.1974983215332,35.68000030517578,35.92250061035156,86278400
2017-07-06,33.086124420166016,35.682498931884766,35.875,35.602500915527344,35.755001068115234,96515200
2017-07-07,33.42224884033203,36.04499816894531,36.1875,35.724998474121094,35.724998474121094,76806800
2017-07-10,33.62624740600586,36.26499938964844,36.48749923706055,35.842498779296875,36.02750015258789,84362400
2017-07-11,33.73518371582031,36.38249969482422,36.462501525878906,36.095001220703125,36.182498931884766,79127200
2017-07-12,33.783878326416016,36.435001373291016,36.54499816894531,36.20500183105469,36.46749877929688,99538000
2017-07-13,34.25444793701172,36.942501068115234,37.122501373291016,36.36000061035156,36.375,100797600
2017-07-14,34.548851013183594,37.2599983215332,37.33250045776367,36.83250045776367,36.99250030517578,80528400
2017-07-17,34.66938781738281,37.38999938964844,37.72499847412109,37.14250183105469,37.20500183105469,95174000
2017-07-18,34.789920806884766,37.52000045776367,37.532501220703125,37.16749954223633,37.29999923706055,71475200
2017-07-19,35.007835388183594,37.755001068115234,37.85499954223633,37.48749923706055,37.619998931884766,83692000
2017-07-20,34.850196838378906,37.584999084472656,37.935001373291016,37.54750061035156,37.875,68974800
2017-07-21,34.83396530151367,37.567501068115234,37.61000061035156,37.220001220703125,37.497501373291016,105010400
2017-07-24,35.25586700439453,38.022499084472656,38.11000061035156,37.47499847412109,37.64500045776367,85972800
2017-07-25,35.40654754638672,38.185001373291016,38.459999084472656,37.95000076293945,37.95000076293945,75415600
2017-07-26,35.57344055175781,38.3650016784668,38.48249816894531,38.26499938964844,38.337501525878906,63124000
2017-07-27,34.90119552612305,37.63999938964844,38.497501373291016,36.82500076293945,38.4375,129905200
2017-07-28,34.655479431152344,37.375,37.557498931884766,37.29750061035156,37.47249984741211,68854800
2017-07-31,34.47698211669922,37.182498931884766,37.58250045776367,37.032501220703125,37.47499847412109,79383600
2017-08-01,34.78297805786133,37.51250076293945,37.55500030517578,37.102500915527344,37.275001525878906,141474400
2017-08-02,36.42649841308594,39.28499984741211,39.9375,39.040000915527344,39.81999969482422,279747200
2017-08-03,36.06256484985352,38.89250183105469,39.3025016784668,38.755001068115234,39.26250076293945,108389200
2017-08-04,36.25263977050781,39.09749984741211,39.34999847412109,38.92250061035156,39.01750183105469,82239600
2017-08-07,36.81362533569336,39.70249938964844,39.72999954223633,39.16749954223633,39.26499938964844,87481200
2017-08-08,37.10801696777344,40.02000045776367,40.45750045776367,39.567501068115234,39.650001525878906,144823600
2017-08-09,37.33518981933594,40.26499938964844,40.317501068115234,39.77750015258789,39.81499862670898,104526000
2017-08-10,36.14601135253906,38.83000183105469,40.0,38.657501220703125,39.97499847412109,163217200
2017-08-11,36.64867401123047,39.369998931884766,39.64250183105469,39.01750183105469,39.150001525878906,105028400
2017-08-14,37.2002182006836,39.962501525878906,40.0525016784668,39.6875,39.83000183105469,88490800
2017-08-15,37.60748672485352,40.400001525878906,40.54999923706055,40.03499984741211,40.165000915527344,117862000
2017-08-16,37.45620346069336,40.23749923706055,40.62749862670898,40.03749847412109,40.48500061035156,110686400
2017-08-17,36.737098693847656,39.46500015258789,40.1775016784668,39.459999084472656,40.130001068115234,111762400
2017-08-18,36.6533317565918,39.375,39.875,39.18000030517578,39.46500015258789,109712400
2017-08-21,36.585845947265625,39.3025016784668,39.47249984741211,38.77750015258789,39.375,105474000
2017-08-22,37.18391799926758,39.94499969482422,40.0,39.505001068115234,39.557498931884766,86418400
2017-08-23,37.2304573059082,39.994998931884766,40.11750030517578,39.720001220703125,39.76750183105469,77596400
2017-08-24,37.06523513793945,39.817501068115234,40.185001373291016,39.63750076293945,40.10749816894531,79275600
2017-08-25,37.20255279541016,39.96500015258789,40.13999938964844,39.817501068115234,39.91249847412109,101920400
2017-08-28,37.57722091674805,40.36750030517578,40.5,39.98249816894531,40.03499984741211,103864000
2017-08-29,37.9123420715332,40.727500915527344,40.77999877929688,40.0,40.025001525878906,118067600
2017-08-30,38.01473236083984,40.837501525878906,40.97249984741211,40.65250015258789,40.95000076293945,109078400
2017-08-31,38.16600799560547,41.0,41.130001068115234,40.869998931884766,40.90999984741211,107140400
2017-09-01,38.17764663696289,41.01250076293945,41.23500061035156,40.907501220703125,41.20000076293945,66364400
2017-09-05,37.71917343139648,40.52000045776367,41.0625,40.13999938964844,40.9375,117874000
2017-09-06,37.679630279541016,40.477500915527344,40.747501373291016,40.130001068115234,40.6775016784668,86606800
2017-09-07,37.528350830078125,40.31499862670898,40.560001373291016,40.09000015258789,40.522499084472656,87714000
2017-09-08,36.91630554199219,39.657501220703125,40.28749847412109,39.63249969482422,40.21500015258789,114446000
2017-09-11,37.584205627441406,40.375,40.51250076293945,39.97249984741211,40.125,126323200
2017-09-12,37.43526458740234,40.21500015258789,40.9900016784668,39.692501068115234,40.65250015258789,286856000
2017-09-13,37.15366744995117,39.91249847412109,39.9900016784668,39.477500915527344,39.96749877929688,179629600
2017-09-14,36.8348503112793,39.56999969482422,39.84999847412109,39.522499084472656,39.747501373291016,95042800
2017-09-15,37.20721054077149,39.970001220703125,40.24250030517578,39.5,39.61750030517578,196458400
2017-09-18,36.92560958862305,39.66749954223633,40.125,39.5,40.02750015258789,113077600
2017-09-19,36.9395751953125,39.682498931884766,39.942501068115234,39.61000061035156,39.87749862670898,83242400
2017-09-20,36.32053756713867,39.01750183105469,39.56499862670898,38.45750045776367,39.47499847412109,211805600
2017-09-21,35.69684600830078,38.34749984741211,38.95000076293945,38.1875,38.95000076293945,150046800
2017-09-22,35.347774505615234,37.97249984741211,38.067501068115234,37.63999938964844,37.8849983215332,186581600
2017-09-25,35.03591537475586,37.63750076293945,37.95750045776367,37.290000915527344,37.497501373291016,177549200
2017-09-26,35.638668060302734,38.28499984741211,38.47999954223633,37.92250061035156,37.94499969482422,146640000
2017-09-27,35.89234161376953,38.557498931884766,38.68000030517578,38.3849983215332,38.45000076293945,102016800
2017-09-28,35.67124557495117,38.31999969482422,38.56999969482422,38.17499923706055,38.47249984741211,88022000
2017-09-29,35.86674118041992,38.52999877929688,38.532501220703125,38.0,38.3025016784668,105199200
2017-10-02,35.79458999633789,38.45249938964844,38.61249923706055,38.18000030517578,38.56499862670898,74795200
2017-10-03,35.95050811767578,38.619998931884766,38.772499084472656,38.477500915527344,38.50249862670898,64921200
2017-10-04,35.717796325683594,38.369998931884766,38.46500015258789,38.1150016784668,38.407501220703125,80655200
2017-10-05,36.162296295166016,38.84749984741211,38.86000061035156,38.51250076293945,38.54499816894531,85135200
2017-10-06,36.14134216308594,38.82500076293945,38.872501373291016,38.63999938964844,38.74250030517578,69630400
2017-10-09,36.26700973510742,38.959999084472656,39.182498931884766,38.872501373291016,38.95249938964844,65051600
2017-10-10,36.28096389770508,38.97499847412109,39.5,38.775001525878906,39.01499938964844,62468000
2017-10-11,36.4322395324707,39.13750076293945,39.244998931884766,38.9375,38.99250030517578,67622400
2017-10-12,36.30424118041992,39.0,39.34249877929688,38.932498931884766,39.087501525878906,64500400
2017-10-13,36.53465270996094,39.247501373291016,39.31999969482422,39.102500915527344,39.182498931884766,65576800
2017-10-16,37.20721054077149,39.970001220703125,40.0,39.41249847412109,39.47499847412109,96486000
2017-10-17,37.34450149536133,40.11750030517578,40.21749877929688,39.807498931884766,39.94499969482422,75989200
2017-10-18,37.17926788330078,39.93999862670898,40.1775016784668,39.900001525878906,40.10499954223633,65496800
2017-10-19,36.29960250854492,38.994998931884766,39.27000045776367,38.755001068115234,39.1875,170336800
2017-10-20,36.362422943115234,39.0625,39.4375,38.9900016784668,39.15250015258789,95896400
2017-10-23,36.34380722045898,39.04249954223633,39.42250061035156,38.875,39.22249984741211,87937200
2017-10-24,36.56023788452149,39.275001525878906,39.35499954223633,39.04999923706055,39.0724983215332,71028800
2017-10-25,36.39965438842773,39.102500915527344,39.38750076293945,38.817501068115234,39.227500915527344,84828400
2017-10-26,36.63239288330078,39.352500915527344,39.45750045776367,39.19499969482422,39.307498931884766,68002000
2017-10-27,37.944923400878906,40.76250076293945,40.900001525878906,39.67499923706055,39.8224983215332,177816800
2017-10-30,38.79899597167969,41.68000030517578,42.01750183105469,40.93000030517578,40.97249984741211,178803200
2017-10-31,39.338905334472656,42.2599983215332,42.41249847412109,41.73500061035156,41.97499847412109,144187200
2017-11-01,38.838565826416016,41.72249984741211,42.48500061035156,41.40250015258789,42.46749877929688,134551200
2017-11-02,39.12248229980469,42.02750015258789,42.125,41.31999969482422,41.650001525878906,165573600
2017-11-03,40.14411926269531,43.125,43.56499862670898,42.77999877929688,43.5,237594400
2017-11-06,40.55137252807617,43.5625,43.747501373291016,42.93000030517578,43.09249877929688,140105200
2017-11-07,40.68169021606445,43.70249938964844,43.8125,43.400001525878906,43.477500915527344,97446000
2017-11-08,41.01449203491211,44.060001373291016,44.060001373291016,43.58250045776367,43.665000915527344,97638000
2017-11-09,40.93070983886719,43.970001220703125,44.025001525878906,43.28499984741211,43.77750015258789,117930400
2017-11-10,40.795257568359375,43.66749954223633,43.845001220703125,43.567501068115234,43.77750015258789,100582000
2017-11-13,40.63175964355469,43.49250030517578,43.625,43.34999847412109,43.375,67928400
2017-11-14,40.01750946044922,42.834999084472656,43.369998931884766,42.79499816894531,43.2599983215332,99130000
2017-11-15,39.48967742919922,42.27000045776367,42.58000183105469,42.095001220703125,42.49250030517578,116632400
2017-11-16,39.961456298828125,42.775001525878906,42.96749877929688,42.57500076293945,42.79499816894531,94550000
2017-11-17,39.73956680297852,42.53749847412109,42.84749984741211,42.40999984741211,42.7599983215332,87598000
2017-11-20,39.69987487792969,42.494998931884766,42.63999938964844,42.38999938964844,42.5724983215332,65049600
2017-11-21,40.43790817260742,43.28499984741211,43.42499923706055,42.69499969482422,42.69499969482422,100525200
2017-11-22,40.862979888916016,43.7400016784668,43.75,43.26250076293945,43.34000015258789,102355600
2017-11-24,40.86531448364258,43.74250030517578,43.875,43.66249847412109,43.775001525878906,56106800
2017-11-27,40.659786224365234,43.522499084472656,43.77000045776367,43.334999084472656,43.76250076293945,82867200
2017-11-28,40.42155838012695,43.26750183105469,43.71749877929688,42.96500015258789,43.57500076293945,105715200
2017-11-29,39.58308792114258,42.369998931884766,43.22999954223633,41.790000915527344,43.157501220703125,166665600
2017-11-30,40.136627197265625,42.962501525878906,43.03499984741211,42.11000061035156,42.60749816894531,166108800
2017-12-01,39.94977569580078,42.76250076293945,42.91749954223633,42.125,42.48749923706055,159037200
2017-12-04,39.6578369140625,42.45000076293945,43.15499877929688,42.407501220703125,43.119998931884766,130169600
2017-12-05,39.62046051025391,42.40999984741211,42.880001068115234,42.09999847412109,42.26499938964844,109400800
2017-12-06,39.473331451416016,42.25249862670898,42.54999923706055,41.6150016784668,41.875,114240000
2017-12-07,39.54571914672852,42.33000183105469,42.61000061035156,42.227500915527344,42.25749969482422,102693200
2017-12-08,39.55739974975586,42.34249877929688,42.75,42.20500183105469,42.622501373291016,93420800
2017-12-11,40.328155517578125,43.16749954223633,43.22249984741211,42.1974983215332,42.29999923706055,141095200
2017-12-12,40.10158920288086,42.92499923706055,43.09749984741211,42.8650016784668,43.03749847412109,77636800
2017-12-13,40.23471450805664,43.067501068115234,43.3849983215332,43.0,43.125,95273600
2017-12-14,40.22303771972656,43.05500030517578,43.282501220703125,42.91249847412109,43.09999847412109,81906000
2017-12-15,40.63175964355469,43.49250030517578,43.54249954223633,43.1150016784668,43.407501220703125,160677200
2017-12-18,41.20396423339844,44.10499954223633,44.29999923706055,43.71500015258789,43.720001220703125,117684400
2017-12-19,40.7648811340332,43.6349983215332,43.84749984741211,43.522499084472656,43.75749969482422,109745600
2017-12-20,40.72051239013672,43.587501525878906,43.85499954223633,43.3125,43.71749877929688,93902400
2017-12-21,40.87465286254883,43.75249862670898,44.005001068115234,43.525001525878906,43.54249954223633,83799600
2017-12-22,40.87465286254883,43.75249862670898,43.85499954223633,43.625,43.66999816894531,65397600
2017-12-26,39.83767318725586,42.64250183105469,42.86750030517578,42.41999816894531,42.70000076293945,132742000
2017-12-27,39.84468078613281,42.650001525878906,42.69499969482422,42.4275016784668,42.525001525878906,85992800
2017-12-28,39.9567756652832,42.77000045776367,42.962501525878906,42.619998931884766,42.75,65920800
2017-12-29,39.52470016479492,42.307498931884766,42.647499084472656,42.30500030517578,42.630001068115234,103999600
2018-01-02,40.23237609863281,43.06499862670898,43.07500076293945,42.31499862670898,42.540000915527344,102223600
2018-01-03,40.22536087036133,43.057498931884766,43.63750076293945,42.9900016784668,43.13249969482422,118071600
2018-01-04,40.41221618652344,43.25749969482422,43.36750030517578,43.02000045776367,43.1349983215332,89738400
2018-01-05,40.872318267822266,43.75,43.84249877929688,43.26250076293945,43.36000061035156,94640000
2018-01-08,40.72051239013672,43.587501525878906,43.90250015258789,43.48249816894531,43.587501525878906,82271200
2018-01-09,40.71583938598633,43.58250045776367,43.76499938964844,43.352500915527344,43.63750076293945,86336000
2018-01-10,40.706504821777344,43.5724983215332,43.57500076293945,43.25,43.290000915527344,95839600
2018-01-11,40.93771743774414,43.81999969482422,43.872501373291016,43.622501373291016,43.647499084472656,74670800
2018-01-12,41.36044692993164,44.272499084472656,44.34000015258789,43.91249847412109,44.04499816894531,101672400
2018-01-16,41.15025329589844,44.04750061035156,44.84749984741211,44.03499984741211,44.47499847412109,118263600
2018-01-17,41.82990264892578,44.775001525878906,44.8125,43.76750183105469,44.03749847412109,137547200
2018-01-18,41.86727142333984,44.81499862670898,45.025001525878906,44.5625,44.84249877929688,124773600
2018-01-19,41.68042755126953,44.6150016784668,44.89500045776367,44.352500915527344,44.65250015258789,129700400
2018-01-22,41.33943557739258,44.25,44.44499969482422,44.150001525878906,44.32500076293945,108434400
2018-01-23,41.348777770996094,44.2599983215332,44.86000061035156,44.20500183105469,44.32500076293945,130756400
2018-01-24,40.69014358520508,43.55500030517578,44.32500076293945,43.29999923706055,44.3125,204420400
2018-01-25,39.96380233764648,42.77750015258789,43.73749923706055,42.63249969482422,43.62749862670898,166116000
2018-01-26,40.05720520019531,42.87749862670898,43.0,42.51499938964844,43.0,156572000
2018-01-29,39.22808837890625,41.9900016784668,42.540000915527344,41.76750183105469,42.540000915527344,202561600
2018-01-30,38.99686050415039,41.74250030517578,41.84249877929688,41.17499923706055,41.38249969482422,184192800
2018-01-31,39.10430145263672,41.85749816894531,42.11000061035156,41.625,41.71749877929688,129915600
2018-02-01,39.18605041503906,41.94499969482422,42.15499877929688,41.68999862670898,41.79249954223633,188923200
2018-02-02,37.48575973510742,40.125,41.70000076293945,40.025001525878906,41.5,346375200
2018-02-05,36.54920196533203,39.122501373291016,40.970001220703125,39.0,39.775001525878906,290954000
2018-02-06,38.07666015625,40.75749969482422,40.93000030517578,38.5,38.70750045776367,272975200
2018-02-07,37.26153564453125,39.8849983215332,40.84999847412109,39.76750183105469,40.772499084472656,206434400
2018-02-08,36.23622131347656,38.78749847412109,40.25,38.75749969482422,40.0724983215332,217562000
2018-02-09,36.67945098876953,39.102500915527344,39.47249984741211,37.560001373291016,39.26750183105469,282690400
2018-02-12,38.1568603515625,40.6775016784668,40.97249984741211,39.37749862670898,39.625,243278000
2018-02-13,38.53910446166992,41.084999084472656,41.1875,40.41249847412109,40.48749923706055,130196800
2018-02-14,39.24966430664063,41.84249877929688,41.8849983215332,40.720001220703125,40.7599983215332,162579600
2018-02-15,40.56760025024414,43.247501373291016,43.272499084472656,42.25,42.4474983215332,204588800
2018-02-16,40.43627166748047,43.10749816894531,43.70500183105469,42.942501068115234,43.09000015258789,160704400
2018-02-20,40.30026626586914,42.962501525878906,43.56499862670898,42.85499954223633,43.01250076293945,135722000
2018-02-21,40.11734390258789,42.76750183105469,43.52999877929688,42.75249862670898,43.20750045776367,149886400
2018-02-22,40.45270156860352,43.125,43.48749923706055,42.9275016784668,42.95000076293945,123967600
2018-02-23,41.15621566772461,43.875,43.91249847412109,43.3849983215332,43.41749954223633,135249600
2018-02-26,41.96996307373047,44.74250030517578,44.84749984741211,44.0525016784668,44.087501525878906,152648800
2018-02-27,41.83395767211914,44.59749984741211,45.119998931884766,44.540000915527344,44.775001525878906,155712400
2018-02-28,41.770633697509766,44.52999877929688,45.15499877929688,44.51250076293945,44.81499862670898,151128400
2018-03-01,41.03895950317383,43.75,44.94499969482422,43.165000915527344,44.6349983215332,195208000
2018-03-02,41.32271957397461,44.0525016784668,44.07500076293945,43.11249923706055,43.20000076293945,153816000
2018-03-05,41.465763092041016,44.20500183105469,44.435001373291016,43.630001068115234,43.8025016784668,113605600
2018-03-06,41.43059158325195,44.16749954223633,44.5625,44.032501220703125,44.477500915527344,95154000
2018-03-07,41.04600143432617,43.75749969482422,43.962501525878906,43.567501068115234,43.73500061035156,126814000
2018-03-08,41.49391555786133,44.23500061035156,44.27999877929688,43.76750183105469,43.869998931884766,95096400
2018-03-09,42.20681381225586,44.994998931884766,45.0,44.34749984741211,44.4900016784668,128740800
2018-03-12,42.61485290527344,45.43000030517578,45.59749984741211,45.0525016784668,45.0724983215332,128828400
2018-03-13,42.20447540283203,44.99250030517578,45.875,44.810001373291016,45.647499084472656,126774000
2018-03-14,41.84567642211914,44.61000061035156,45.130001068115234,44.45249938964844,45.08000183105469,117473600
2018-03-15,41.89492416381836,44.66249847412109,45.060001373291016,44.51750183105469,44.625,90975200
2018-03-16,41.74716567993164,44.505001068115234,44.77999877929688,44.40499877929688,44.66249847412109,157618800
2018-03-19,41.10931396484375,43.82500076293945,44.36750030517578,43.415000915527344,44.33000183105469,133787200
2018-03-20,41.095245361328125,43.810001373291016,44.20000076293945,43.73500061035156,43.810001373291016,78597600
2018-03-21,40.16424560546875,42.817501068115234,43.772499084472656,42.81499862670898,43.7599983215332,148219600
2018-03-22,39.59673309326172,42.212501525878906,43.16999816894531,42.150001525878906,42.5,165963200
2018-03-23,38.6798210144043,41.23500061035156,42.47999954223633,41.23500061035156,42.09749984741211,164115200
2018-03-26,40.51601409912109,43.192501068115234,43.275001525878906,41.61000061035156,42.01750183105469,150164800
2018-03-27,39.47713088989258,42.084999084472656,43.78749847412109,41.72999954223633,43.41999816894531,163690400
2018-03-28,39.04095077514648,41.619998931884766,42.505001068115234,41.29750061035156,41.8125,166674000
2018-03-29,39.3458251953125,41.94499969482422,42.9375,41.72499847412109,41.95249938964844,153594000
2018-04-02,39.08784484863281,41.66999816894531,42.23500061035156,41.11750030517578,41.65999984741211,150347200
2018-04-03,39.48886489868164,42.09749984741211,42.1875,41.220001220703125,41.90999984741211,121112000
2018-04-04,40.24397659301758,42.90250015258789,43.00249862670898,41.192501068115234,41.220001220703125,138422000
2018-04-05,40.52305603027344,43.20000076293945,43.557498931884766,43.02000045776367,43.14500045776367,107732800
2018-04-06,39.48652267456055,42.095001220703125,43.119998931884766,42.04999923706055,42.74250030517578,140021200
2018-04-09,39.87814712524414,42.51250076293945,43.272499084472656,42.462501525878906,42.470001220703125,116070800
2018-04-10,40.62857818603516,43.3125,43.5,42.88249969482422,43.25,113634400
2018-04-11,40.43862533569336,43.11000061035156,43.47999954223633,42.92499923706055,43.057498931884766,89726400
2018-04-12,40.8372802734375,43.53499984741211,43.75,43.2599983215332,43.352500915527344,91557200
2018-04-13,40.97564315795898,43.682498931884766,43.959999084472656,43.462501525878906,43.69499969482422,100497200
2018-04-16,41.23125076293945,43.95500183105469,44.04750061035156,43.70750045776367,43.75749969482422,86313600
2018-04-17,41.79876708984375,44.560001373291016,44.73500061035156,44.102500915527344,44.122501373291016,106421600
2018-04-18,41.704959869384766,44.459999084472656,44.70500183105469,44.220001220703125,44.45249938964844,83018000
2018-04-19,40.52305603027344,43.20000076293945,43.84749984741211,43.165000915527344,43.43999862670898,139235200
2018-04-20,38.86273956298828,41.43000030517578,42.80500030517578,41.35749816894531,42.650001525878906,261964400
2018-04-23,38.75016403198242,41.310001373291016,41.72999954223633,41.022499084472656,41.70750045776367,146062000
2018-04-24,38.21079635620117,40.73500061035156,41.58250045776367,40.30500030517578,41.41749954223633,134768000
2018-04-25,38.37729263305664,40.91249847412109,41.35499954223633,40.602500915527344,40.65499877929688,113528400
2018-04-26,38.510963439941406,41.05500030517578,41.432498931884766,40.84249877929688,41.02999877929688,111852000
2018-04-27,38.06539916992188,40.58000183105469,41.08250045776367,40.157501220703125,41.0,142623200
2018-04-30,38.75485229492188,41.31499862670898,41.81499862670898,40.459999084472656,40.532501220703125,169709600
2018-05-01,39.65536117553711,42.275001525878906,42.29999923706055,41.317501068115234,41.602500915527344,214277600
2018-05-02,41.40714263916016,44.14250183105469,44.4375,43.45000076293945,43.807498931884766,266157600
2018-05-03,41.482181549072266,44.22249984741211,44.375,43.61000061035156,43.970001220703125,136272800
2018-05-04,43.10968399047852,45.95750045776367,46.0625,44.54249954223633,44.5625,224805200
2018-05-07,43.42156219482422,46.290000915527344,46.91749954223633,46.1875,46.29499816894531,169805600
2018-05-08,43.63027572631836,46.51250076293945,46.55500030517578,45.91749954223633,46.247501373291016,113611200
2018-05-09,43.9374885559082,46.84000015258789,46.84999847412109,46.30500030517578,46.63750076293945,92844800
2018-05-10,44.56598281860352,47.5099983215332,47.59249877929688,46.91249847412109,46.935001373291016,111957200
2018-05-11,44.39646530151367,47.147499084472656,47.51499938964844,46.86249923706055,47.372501373291016,104848800
2018-05-14,44.29289627075195,47.03749847412109,47.38249969482422,46.96500015258789,47.25249862670898,83115200
2018-05-15,43.89033889770508,46.61000061035156,46.76750183105469,46.275001525878906,46.69499969482422,94780800
2018-05-16,44.29994583129883,47.04499816894531,47.1150016784668,46.5,46.51750183105469,76732400
2018-05-17,44.01980972290039,46.747501373291016,47.227500915527344,46.59000015258789,47.0,69176000
2018-05-18,43.8597297668457,46.57749938964844,46.95249938964844,46.532501220703125,46.79750061035156,73190800
2018-05-21,44.17048263549805,46.907501220703125,47.317501068115234,46.727500915527344,47.0,73603200
2018-05-22,44.05984115600586,46.790000915527344,47.220001220703125,46.69499969482422,47.095001220703125,60962800
2018-05-23,44.342315673828125,47.09000015258789,47.125,46.43999862670898,46.587501525878906,80233600
2018-05-24,44.29289627075195,47.03749847412109,47.209999084472656,46.5525016784668,47.192501068115234,92936000
2018-05-25,44.39411926269531,47.14500045776367,47.41249847412109,46.91249847412109,47.057498931884766,69844000
2018-05-29,44.234031677246094,46.97499847412109,47.1875,46.71749877929688,46.900001525878906,90056400
2018-05-30,44.13987350463867,46.875,47.0,46.69499969482422,46.93000030517578,74762000
2018-05-31,43.99155426025391,46.71749877929688,47.057498931884766,46.53499984741211,46.80500030517578,109931200
2018-06-01,44.78489685058594,47.560001373291016,47.56499862670898,46.9375,46.997501373291016,93770000
2018-06-04,45.15920639038086,47.95750045776367,48.35499954223633,47.837501525878906,47.90999984741211,105064800
2018-06-05,45.50762176513672,48.32749938964844,48.48500061035156,48.09000015258789,48.26750183105469,86264000
2018-06-06,45.66534423828125,48.494998931884766,48.52000045776367,47.97999954223633,48.407501220703125,83734400
2018-06-07,45.542930603027344,48.3650016784668,48.54999923706055,48.084999084472656,48.53499984741211,85388800
2018-06-08,45.12858963012695,47.92499923706055,48.0,47.442501068115234,47.79249954223633,106627200
2018-06-11,45.017948150634766,47.807498931884766,47.99250030517578,47.5525016784668,47.837501525878906,73234000
2018-06-12,45.26514434814453,48.06999969482422,48.15250015258789,47.78749847412109,47.84749984741211,67644400
2018-06-13,44.8931884765625,47.67499923706055,48.220001220703125,47.61000061035156,48.10499954223633,86553600
2018-06-14,44.916725158691406,47.70000076293945,47.89250183105469,47.55500030517578,47.88750076293945,86440400
2018-06-15,44.45532989501953,47.209999084472656,47.540000915527344,47.06499862670898,47.50749969482422,246876800
2018-06-18,44.43179321289063,47.185001373291016,47.30500030517578,46.79999923706055,46.970001220703125,73939600
2018-06-19,43.713775634765625,46.42250061035156,46.58250045776367,45.86249923706055,46.28499984741211,134314000
2018-06-20,43.90446472167969,46.625,46.79999923706055,46.432498931884766,46.587501525878906,82514800
2018-06-21,43.659629821777344,46.3650016784668,47.087501525878906,46.23500061035156,46.8125,102847600
2018-06-22,43.53248977661133,46.22999954223633,46.53749847412109,46.17499923706055,46.52999877929688,108801600
2018-06-25,42.88510513305664,45.54249954223633,46.22999954223633,45.182498931884766,45.84999847412109,126652400
2018-06-26,43.41714477539063,46.10749816894531,46.63249969482422,45.6349983215332,45.747501373291016,98276800
2018-06-27,43.35359954833984,46.040000915527344,46.81999969482422,46.00749969482422,46.307498931884766,101141200
2018-06-28,43.66904830932617,46.375,46.5525016784668,45.95000076293945,46.025001525878906,69460800
2018-06-29,43.57724380493164,46.27750015258789,46.79750061035156,45.727500915527344,46.5724983215332,90950800
2018-07-02,44.06453323364258,46.79499816894531,46.82500076293945,45.85499954223633,45.95500183105469,70925200
2018-07-03,43.29709243774414,45.97999954223633,46.98749923706055,45.8849983215332,46.9474983215332,55819200
2018-07-05,43.645503997802734,46.34999847412109,46.602500915527344,46.06999969482422,46.31499862670898,66416800
2018-07-06,44.25050354003906,46.99250030517578,47.10749816894531,46.29999923706055,46.35499954223633,69940800
2018-07-09,44.86494445800781,47.64500045776367,47.66999816894531,47.32500076293945,47.375,79026400
2018-07-10,44.810794830322266,47.587501525878906,47.81999969482422,47.54499816894531,47.6775016784668,63756400
2018-07-11,44.229339599609375,46.970001220703125,47.44499969482422,46.90250015258789,47.125,75326000
2018-07-12,44.97087478637695,47.75749969482422,47.852500915527344,47.32749938964844,47.38249969482422,72164400
2018-07-13,45.041500091552734,47.83250045776367,47.959999084472656,47.72499847412109,47.77000045776367,50055600
2018-07-16,44.94264221191406,47.727500915527344,48.16249847412109,47.60499954223633,47.880001068115234,60172400
2018-07-17,45.06974792480469,47.86249923706055,47.96749877929688,47.29999923706055,47.4375,62138000
2018-07-18,44.822566986083984,47.59999847412109,47.95000076293945,47.48249816894531,47.94499969482422,65573600
2018-07-19,45.17098236083984,47.970001220703125,48.13750076293945,47.42250061035156,47.42250061035156,81147200
2018-07-20,45.06740951538086,47.86000061035156,48.10749816894531,47.54249954223633,47.94499969482422,82704800
2018-07-23,45.107418060302734,47.90250015258789,47.9900016784668,47.38999938964844,47.66999816894531,63957600
2018-07-24,45.43464660644531,48.25,48.415000915527344,48.01250076293945,48.11249923706055,74791600
2018-07-25,45.86309814453125,48.70500183105469,48.712501525878906,48.10749816894531,48.26499938964844,66839600
2018-07-26,45.7194938659668,48.5525016784668,48.9900016784668,48.40250015258789,48.65250015258789,76304000
2018-07-27,44.9590950012207,47.744998931884766,48.79750061035156,47.525001525878906,48.747501373291016,96096000
2018-07-30,44.70722198486328,47.477500915527344,48.04999923706055,47.26750183105469,47.97499847412109,84118000
2018-07-31,44.796669006347656,47.5724983215332,48.03499984741211,47.334999084472656,47.57500076293945,157492000
2018-08-01,47.43565368652344,50.375,50.43999862670898,49.32749938964844,49.782501220703125,271742800
2018-08-02,48.82222366333008,51.84749984741211,52.095001220703125,50.087501525878906,50.14500045776367,249616000
2018-08-03,48.96348571777344,51.997501373291016,52.185001373291016,51.369998931884766,51.75749969482422,133789600
2018-08-06,49.217716217041016,52.26750183105469,52.3125,51.76750183105469,52.0,101701600
2018-08-07,48.75631713867188,51.77750015258789,52.375,51.68999862670898,52.33000183105469,102349600
2018-08-08,48.78927993774414,51.8125,51.95249938964844,51.130001068115234,51.51250076293945,90102000
2018-08-09,49.17299270629883,52.220001220703125,52.44499969482422,51.79999923706055,52.38249969482422,93970400
2018-08-10,49.02653121948242,51.88249969482422,52.275001525878906,51.66749954223633,51.84000015258789,98444800
2018-08-13,49.34307861328125,52.21749877929688,52.73749923706055,51.92499923706055,52.32749938964844,103563600
2018-08-14,49.55096435546875,52.4375,52.63999938964844,52.06499862670898,52.540000915527344,82992000
2018-08-15,49.66672897338867,52.560001373291016,52.685001373291016,52.08250045776367,52.30500030517578,115230400
2018-08-16,50.39434814453125,53.33000183105469,53.45249938964844,52.86750030517578,52.9375,114001600
2018-08-17,51.40071487426758,54.39500045776367,54.48749923706055,53.290000915527344,53.36000061035156,141708000
2018-08-20,50.89990997314453,53.8650016784668,54.79499816894531,53.77750015258789,54.525001525878906,121150800
2018-08-21,50.80067443847656,53.7599983215332,54.29750061035156,53.50749969482422,54.20000076293945,104639200
2018-08-22,50.80303955078125,53.76250076293945,54.09000015258789,53.459999084472656,53.525001525878906,76072400
2018-08-23,50.906986236572266,53.872501373291016,54.26250076293945,53.650001525878906,53.66249847412109,75532800
2018-08-24,51.06525802612305,54.040000915527344,54.22499847412109,53.77750015258789,54.150001525878906,73905600
2018-08-27,51.48576736450195,54.48500061035156,54.685001373291016,54.08250045776367,54.28749847412109,82100400
2018-08-28,51.90154647827149,54.92499923706055,55.1349983215332,54.72999954223633,54.75249862670898,91107200
2018-08-29,52.67640686035156,55.744998931884766,55.872501373291016,54.852500915527344,55.03749847412109,109019200
2018-08-30,53.16070556640625,56.25749969482422,57.06499862670898,55.59999847412109,55.8125,195175200
2018-08-31,53.77491760253906,56.907501220703125,57.21749877929688,56.5,56.62749862670898,173360400
2018-09-04,53.94737243652344,57.09000015258789,57.29499816894531,56.657501220703125,57.102500915527344,109560400
2018-09-05,53.59537124633789,56.71749877929688,57.41749954223633,56.275001525878906,57.247501373291016,133332000
2018-09-06,52.70475769042969,55.775001525878906,56.837501525878906,55.32500076293945,56.557498931884766,137160000
2018-09-07,52.27952194213867,55.32500076293945,56.34249877929688,55.1775016784668,55.462501525878906,150479200
2018-09-10,51.577903747558594,54.58250045776367,55.462501525878906,54.11750030517578,55.23749923706055,158066000
2018-09-11,52.88193130493164,55.962501525878906,56.07500076293945,54.13999938964844,54.50249862670898,142996000
2018-09-12,52.22517776489258,55.26750183105469,56.25,54.959999084472656,56.23500061035156,197114800
2018-09-13,53.48670959472656,56.602500915527344,57.087501525878906,55.64250183105469,55.880001068115234,166825600
2018-09-14,52.87957763671875,55.959999084472656,56.709999084472656,55.630001068115234,56.4375,127997200
2018-09-17,51.47160339355469,54.470001220703125,55.73749923706055,54.317501068115234,55.53749847412109,148780400
2018-09-18,51.556636810302734,54.560001373291016,55.462501525878906,54.27999877929688,54.4474983215332,126286800
2018-09-19,51.58734893798828,54.59249877929688,54.90499877929688,53.82500076293945,54.625,108495200
2018-09-20,51.9795150756836,55.00749969482422,55.56999969482422,54.78749847412109,55.060001373291016,106435200
2018-09-21,51.419620513916016,54.415000915527344,55.34000015258789,54.3224983215332,55.19499969482422,384986800
2018-09-24,52.15905380249024,55.1974983215332,55.31499862670898,54.157501220703125,54.20500183105469,110773600
2018-09-25,52.489776611328125,55.54750061035156,55.70500183105469,54.92499923706055,54.9375,98217600
2018-09-26,52.07164001464844,55.10499954223633,55.9375,54.93999862670898,55.25,95938800
2018-09-27,53.14179611206055,56.23749923706055,56.61000061035156,55.8849983215332,55.95500183105469,120724800
2018-09-28,53.32843017578125,56.435001373291016,56.459999084472656,56.005001068115234,56.1974983215332,91717600
2018-10-01,53.68751525878906,56.81499862670898,57.35499954223633,56.587501525878906,56.98749923706055,94403200
2018-10-02,54.16470336914063,57.31999969482422,57.5,56.657501220703125,56.8125,99152800
2018-10-03,54.82382583618164,58.01750183105469,58.36750030517578,57.44499969482422,57.51250076293945,114619200
2018-10-04,53.859981536865234,56.997501373291016,58.087501525878906,56.682498931884766,57.69499969482422,128168000
2018-10-05,52.985877990722656,56.0724983215332,57.102500915527344,55.14500045776367,56.9900016784668,134322000
2018-10-08,52.863040924072266,55.942501068115234,56.20000076293945,55.04999923706055,55.5525016784668,118655600
2018-10-09,53.59537124633789,56.71749877929688,56.817501068115234,55.5625,55.90999984741211,107564000
2018-10-10,51.11251449584961,54.09000015258789,56.587501525878906,54.01250076293945,56.3650016784668,167962400
2018-10-11,50.66128540039063,53.61249923706055,54.875,53.08000183105469,53.630001068115234,212497600
2018-10-12,52.47088623046875,55.52750015258789,55.720001220703125,54.209999084472656,55.10499954223633,161351600
2018-10-15,51.3487548828125,54.34000015258789,55.45750045776367,54.317501068115234,55.290000915527344,123164000
2018-10-16,52.48031997680664,55.53749847412109,55.747501373291016,54.18999862670898,54.73249816894531,116736000
2018-10-17,52.253536224365234,55.29750061035156,55.65999984741211,54.834999084472656,55.57500076293945,91541600
2018-10-18,51.03218078613281,54.005001068115234,54.935001373291016,53.25,54.46500015258789,130325200
2018-10-19,51.80941390991211,54.82749938964844,55.31499862670898,54.35749816894531,54.51499938964844,132314800
2018-10-22,52.12598037719727,55.16249847412109,55.84000015258789,54.73500061035156,54.9474983215332,115168400
2018-10-23,52.61735153198242,55.682498931884766,55.8125,53.67499923706055,53.95750045776367,155071200
2018-10-24,50.81248474121094,53.772499084472656,56.057498931884766,53.6349983215332,55.650001525878906,163702000
2018-10-25,51.925174713134766,54.95000076293945,55.345001220703125,54.1875,54.4275016784668,119423200
2018-10-26,51.09834289550781,54.07500076293945,55.04750061035156,53.16749954223633,53.97499847412109,189033600
2018-10-29,50.139190673828125,53.060001373291016,54.92250061035156,51.522499084472656,54.79750061035156,183742000
2018-10-30,50.38960266113281,53.32500076293945,53.79499816894531,52.317501068115234,52.78749847412109,146640000
2018-10-31,51.70310592651367,54.71500015258789,55.11249923706055,54.15499877929688,54.220001220703125,153435600
2018-11-01,52.49686813354492,55.55500030517578,55.59000015258789,54.20249938964844,54.76250076293945,233292800
2018-11-02,49.01472473144531,51.869998931884766,53.41249847412109,51.35749816894531,52.38750076293945,365314800
2018-11-05,47.62326431274414,50.397499084472656,51.09749984741211,49.54249954223633,51.07500076293945,264654800
2018-11-06,48.138282775878906,50.942501068115234,51.18000030517578,50.42250061035156,50.47999954223633,127531600
2018-11-07,49.59822845458984,52.48749923706055,52.51499938964844,51.032501220703125,51.49250030517578,133697600
2018-11-08,49.42516708374024,52.122501373291016,52.52999877929688,51.6875,52.494998931884766,101450400
2018-11-09,48.47218704223633,51.11750030517578,51.50249862670898,50.5625,51.38750076293945,137463200
2018-11-12,46.03042984008789,48.54249954223633,49.962501525878906,48.4474983215332,49.75,204542000
2018-11-13,45.57052612304688,48.057498931884766,49.29499816894531,47.86249923706055,47.907501220703125,187531600
2018-11-14,44.28328704833984,46.70000076293945,48.619998931884766,46.48249816894531,48.47499847412109,243204000
2018-11-15,45.37613677978516,47.852500915527344,47.99250030517578,46.72499847412109,47.09749984741211,185915200
2018-11-16,45.87871170043945,48.38249969482422,48.74250030517578,47.3650016784668,47.625,147713200
2018-11-19,44.06045150756836,46.46500015258789,47.67499923706055,46.247501373291016,47.5,167701200
2018-11-20,41.955322265625,44.244998931884766,45.36750030517578,43.87749862670898,44.59249877929688,271300800
2018-11-21,41.90791320800781,44.19499969482422,45.067501068115234,44.13750076293945,44.932498931884766,124496800
2018-11-23,40.84349822998047,43.0724983215332,44.150001525878906,43.025001525878906,43.73500061035156,94496000
2018-11-26,41.39585113525391,43.65499877929688,43.73749923706055,42.56499862670898,43.560001373291016,179994000
2018-11-27,41.3057746887207,43.560001373291016,43.692501068115234,42.720001220703125,42.87749862670898,165549600
2018-11-28,42.89410018920898,45.23500061035156,45.3224983215332,43.73249816894531,44.182498931884766,184250000
2018-11-29,42.5645866394043,44.88750076293945,45.70000076293945,44.42499923706055,45.665000915527344,167080000
2018-11-30,42.33462905883789,44.64500045776367,45.08250045776367,44.25749969482422,45.0724983215332,158126000
2018-12-03,43.81391143798828,46.20500183105469,46.23500061035156,45.3025016784668,46.1150016784668,163210000
2018-12-04,41.88658142089844,44.17250061035156,45.59749984741211,44.067501068115234,45.23749923706055,165377200
2018-12-06,41.41957092285156,43.68000030517578,43.69499969482422,42.60499954223633,42.93999862670898,172393600
2018-12-07,39.94267654418945,42.122501373291016,43.622501373291016,42.07500076293945,43.372501373291016,169126400
2018-12-10,40.205814361572266,42.400001525878906,42.522499084472656,40.83250045776367,41.25,248104000
2018-12-11,39.97586441040039,42.157501220703125,42.9474983215332,41.75,42.915000915527344,189126800
2018-12-12,40.08727645874024,42.275001525878906,42.97999954223633,42.255001068115234,42.59999847412109,142510800
2018-12-13,40.52583694458008,42.73749923706055,43.14250183105469,42.38750076293945,42.622501373291016,127594400
2018-12-14,39.22910690307617,41.369998931884766,42.27000045776367,41.31999969482422,42.25,162814800
2018-12-17,38.86403274536133,40.98500061035156,42.087501525878906,40.682498931884766,41.36249923706055,177151600
2018-12-18,39.36896896362305,41.51750183105469,41.88249969482422,41.09749984741211,41.345001220703125,135366000
2018-12-19,38.14098739624024,40.22249984741211,41.86249923706055,39.772499084472656,41.5,196189200
2018-12-20,37.178504943847656,39.20750045776367,40.52750015258789,38.82500076293945,40.09999847412109,259092000
2018-12-21,35.7324333190918,37.682498931884766,39.540000915527344,37.407501220703125,39.21500015258789,382978400
2018-12-24,34.80788803100586,36.70750045776367,37.88750076293945,36.647499084472656,37.03749847412109,148676800
2018-12-26,37.25910949707031,39.29249954223633,39.307498931884766,36.68000030517578,37.07500076293945,234330000
2018-12-27,37.01731872558594,39.03749847412109,39.192501068115234,37.51750183105469,38.959999084472656,212468400
2018-12-28,37.03628158569336,39.057498931884766,39.630001068115234,38.63750076293945,39.375,169165600
2018-12-31,37.39424896240234,39.435001373291016,39.84000015258789,39.119998931884766,39.63249969482422,140014000
2019-01-02,37.43691635131836,39.47999954223633,39.712501525878906,38.557498931884766,38.72249984741211,148158800
2019-01-03,33.70792388916016,35.54750061035156,36.43000030517578,35.5,35.994998931884766,365248800
2019-01-04,35.14689636230469,37.06499862670898,37.13750076293945,35.95000076293945,36.13249969482422,234428400
2019-01-07,35.06865692138672,36.98249816894531,37.20750045776367,36.47499847412109,37.17499923706055,219111200
2019-01-08,35.73716735839844,37.6875,37.95500183105469,37.130001068115234,37.38999938964844,164101200
2019-01-09,36.34406661987305,38.32749938964844,38.63249969482422,37.407501220703125,37.8224983215332,180396400
2019-01-10,36.460205078125,38.45000076293945,38.49250030517578,37.71500015258789,38.125,143122800
2019-01-11,36.10226058959961,38.0724983215332,38.42499923706055,37.87749862670898,38.220001220703125,108092800
2019-01-14,35.55937957763672,37.5,37.817501068115234,37.30500030517578,37.712501525878906,129756800
2019-01-15,36.28717803955078,38.26750183105469,38.34749984741211,37.51250076293945,37.567501068115234,114843600
2019-01-16,36.73047256469727,38.73500061035156,38.970001220703125,38.25,38.27000045776367,122278800
2019-01-17,36.94856643676758,38.96500015258789,39.415000915527344,38.31499862670898,38.54999923706055,119284800
2019-01-18,37.17613983154297,39.20500183105469,39.470001220703125,38.994998931884766,39.375,135004000
2019-01-22,36.34169769287109,38.32500076293945,39.182498931884766,38.15499877929688,39.102500915527344,121576000
2019-01-23,36.48867034912109,38.47999954223633,38.78499984741211,37.92499923706055,38.53749847412109,92522400
2019-01-24,36.199462890625,38.17499923706055,38.619998931884766,37.935001373291016,38.52750015258789,101766000
2019-01-25,37.39897918701172,39.43999862670898,39.532501220703125,38.58000183105469,38.869998931884766,134142000
2019-01-28,37.05286407470703,39.07500076293945,39.08250045776367,38.415000915527344,38.9474983215332,104768400
2019-01-29,36.6688346862793,38.66999816894531,39.532501220703125,38.52750015258789,39.0625,166348800
2019-01-30,39.174591064453125,41.3125,41.53749847412109,40.057498931884766,40.8125,244439200
2019-01-31,39.45668411254883,41.61000061035156,42.25,41.13999938964844,41.52750015258789,162958400
2019-02-01,39.47564697265625,41.630001068115234,42.244998931884766,41.48249816894531,41.7400016784668,130672400
2019-02-04,40.59696578979492,42.8125,42.915000915527344,41.81999969482422,41.852500915527344,125982000
2019-02-05,41.29155731201172,43.54499816894531,43.77000045776367,43.087501525878906,43.21500015258789,144406400
2019-02-06,41.3057746887207,43.560001373291016,43.89250183105469,43.212501525878906,43.66249847412109,112958400
2019-02-07,40.52347183227539,42.73500061035156,43.48500061035156,42.584999084472656,43.09999847412109,126966800
2019-02-08,40.57108688354492,42.602500915527344,42.665000915527344,42.10499954223633,42.247501373291016,95280000
2019-02-11,40.337772369384766,42.35749816894531,42.8025016784668,42.3125,42.76250076293945,83973600
2019-02-12,40.68537521362305,42.72249984741211,42.75,42.42499923706055,42.525001525878906,89134000
2019-02-13,40.51631927490234,42.54499816894531,43.119998931884766,42.47999954223633,42.84749984741211,89960800
2019-02-14,40.6639289855957,42.70000076293945,42.81499862670898,42.345001220703125,42.4275016784668,87342800
2019-02-15,40.57345962524414,42.60499954223633,42.92499923706055,42.4375,42.8125,98507200
2019-02-19,40.69488143920898,42.73249816894531,42.86000061035156,42.372501373291016,42.4275016784668,75891200
2019-02-20,40.9567756652832,43.00749969482422,43.33000183105469,42.747501373291016,42.79750061035156,104457600
2019-02-21,40.725830078125,42.76499938964844,43.09249877929688,42.57500076293945,42.95000076293945,68998800
2019-02-22,41.18056869506836,43.24250030517578,43.25,42.845001220703125,42.89500045776367,75652800
2019-02-25,41.48054885864258,43.557498931884766,43.96749877929688,43.48749923706055,43.540000915527344,87493600
2019-02-26,41.50436019897461,43.58250045776367,43.82500076293945,43.29249954223633,43.4275016784668,68280800
2019-02-27,41.6329231262207,43.71749877929688,43.75,43.182498931884766,43.3025016784668,111341600
2019-02-28,41.22342300415039,43.28749847412109,43.727500915527344,43.22999954223633,43.58000183105469,112861600
2019-03-01,41.65671920776367,43.74250030517578,43.78749847412109,43.22249984741211,43.56999969482422,103544800
2019-03-04,41.866241455078125,43.962501525878906,44.4375,43.49250030517578,43.92250061035156,109744800
2019-03-05,41.7900505065918,43.88249969482422,44.0,43.6349983215332,43.98500061035156,78949600
2019-03-06,41.54959487915039,43.630001068115234,43.872501373291016,43.48500061035156,43.66749954223633,83241600
2019-03-07,41.06866836547852,43.125,43.61000061035156,43.005001068115234,43.46749877929688,99185600
2019-03-08,41.166290283203125,43.227500915527344,43.26750183105469,42.375,42.58000183105469,95997600
2019-03-11,42.59237289428711,44.72499847412109,44.77999877929688,43.837501525878906,43.872501373291016,128044000
2019-03-12,43.070926666259766,45.227500915527344,45.66749954223633,44.84249877929688,45.0,129870400
2019-03-13,43.26138687133789,45.4275016784668,45.82500076293945,45.22999954223633,45.5625,124130000
2019-03-14,43.7423095703125,45.932498931884766,46.025001525878906,45.63999938964844,45.97499847412109,94318000
2019-03-15,44.311309814453125,46.52999877929688,46.83250045776367,45.935001373291016,46.212501525878906,156171600
2019-03-18,44.7636604309082,47.005001068115234,47.09749984741211,46.4474983215332,46.45000076293945,104879200
2019-03-19,44.4089241027832,46.63249969482422,47.247501373291016,46.47999954223633,47.087501525878906,126585600
2019-03-20,44.7969856262207,47.040000915527344,47.372501373291016,46.182498931884766,46.557498931884766,124140800
2019-03-21,46.44687271118164,48.772499084472656,49.08250045776367,47.45249938964844,47.505001068115234,204136800
2019-03-22,45.48504638671875,47.76250076293945,49.42250061035156,47.69499969482422,48.834999084472656,169630800
2019-03-25,44.93508529663086,47.185001373291016,47.994998931884766,46.650001525878906,47.87749862670898,175381200
2019-03-26,44.4708251953125,46.6974983215332,48.220001220703125,46.14500045776367,47.915000915527344,199202000
2019-03-27,44.87080001831055,47.11750030517578,47.43999862670898,46.63750076293945,47.1875,119393600
2019-03-28,44.9303092956543,47.18000030517578,47.38999938964844,46.88249969482422,47.23749923706055,83121600
2019-03-29,45.2231674194336,47.48749923706055,47.52000045776367,47.1349983215332,47.45750045776367,94256000
2019-04-01,45.53027725219727,47.810001373291016,47.91999816894531,47.095001220703125,47.90999984741211,111448000
2019-04-02,46.192142486572266,48.505001068115234,48.6150016784668,47.76250076293945,47.772499084472656,91062800
2019-04-03,46.5087890625,48.837501525878906,49.125,48.28749847412109,48.3125,93087200
2019-04-04,46.5897216796875,48.92250061035156,49.09249877929688,48.28499984741211,48.6974983215332,76457200
2019-04-05,46.90160751342773,49.25,49.275001525878906,48.98249816894531,49.11249923706055,74106400
2019-04-08,47.63966369628906,50.025001525878906,50.057498931884766,49.084999084472656,49.10499954223633,103526800
2019-04-09,47.49681091308594,49.875,50.712501525878906,49.807498931884766,50.08000183105469,143072800
2019-04-10,47.76345443725586,50.15499877929688,50.185001373291016,49.54499816894531,49.66999816894531,86781200
2019-04-11,47.365867614746094,49.73749923706055,50.25,49.61000061035156,50.212501525878906,83603200
2019-04-12,47.34682083129883,49.71749877929688,50.03499984741211,49.0525016784668,49.79999923706055,111042800
2019-04-15,47.43252182006836,49.807498931884766,49.962501525878906,49.50249862670898,49.64500045776367,70146400
2019-04-16,47.43729782104492,49.8125,50.34249877929688,49.63999938964844,49.8650016784668,102785600
2019-04-17,48.36104202270508,50.782501220703125,50.845001220703125,49.65250015258789,49.8849983215332,115627200
2019-04-18,48.53483581542969,50.96500015258789,51.03749847412109,50.630001068115234,50.77999877929688,96783200
2019-04-22,48.6943588256836,51.13249969482422,51.23500061035156,50.584999084472656,50.70750045776367,77758000
2019-04-23,49.39667892456055,51.869998931884766,51.9375,50.97499847412109,51.10749816894531,93292000
2019-04-24,49.32049560546875,51.790000915527344,52.119998931884766,51.76250076293945,51.84000015258789,70162400
2019-04-25,48.8729133605957,51.31999969482422,51.93999862670898,51.27999877929688,51.70750045776367,74172800
2019-04-26,48.63959503173828,51.07500076293945,51.25,50.52999877929688,51.22499847412109,74596400
2019-04-29,48.71339797973633,51.15250015258789,51.49250030517578,50.96500015258789,51.09999847412109,88818800
2019-04-30,47.775367736816406,50.16749954223633,50.84999847412109,49.77750015258789,50.76499938964844,186139600
2019-05-01,50.12044906616211,52.630001068115234,53.82749938964844,52.307498931884766,52.470001220703125,259309200
2019-05-02,49.79429244995117,52.28749847412109,53.16249847412109,52.032501220703125,52.459999084472656,127985200
2019-05-03,50.41328811645508,52.9375,52.959999084472656,52.557498931884766,52.72249984741211,83569600
2019-05-06,49.634765625,52.119998931884766,52.209999084472656,50.875,51.0724983215332,129772400
2019-05-07,48.29674911499024,50.71500015258789,51.85499954223633,50.20750045776367,51.470001220703125,155054800
2019-05-08,48.30628204345703,50.72499847412109,51.334999084472656,50.4375,50.47499847412109,105358000
2019-05-09,47.78726959228516,50.18000030517578,50.41999816894531,49.165000915527344,50.09999847412109,139634400
2019-05-10,47.12525177001953,49.29499816894531,49.712501525878906,48.192501068115234,49.35499954223633,164834800
2019-05-13,44.3863525390625,46.43000030517578,47.369998931884766,45.712501525878906,46.9275016784668,229722400
2019-05-14,45.08900833129883,47.165000915527344,47.42499923706055,46.352500915527344,46.602500915527344,146118800
2019-05-15,45.62912368774414,47.72999954223633,47.9375,46.505001068115234,46.567501068115234,106178800
2019-05-16,45.42838287353516,47.52000045776367,48.11750030517578,47.209999084472656,47.477500915527344,132125600
2019-05-17,45.170257568359375,47.25,47.72499847412109,46.68999862670898,46.73249816894531,131516400
2019-05-20,43.7578010559082,45.772499084472656,46.087501525878906,45.06999969482422,45.880001068115234,154449200
2019-05-21,44.59667205810547,46.650001525878906,47.0,46.17499923706055,46.30500030517578,113459200
2019-05-22,43.68370819091797,45.69499969482422,46.4275016784668,45.63750076293945,46.165000915527344,118994400
2019-05-23,42.93803405761719,44.915000915527344,45.1349983215332,44.45249938964844,44.95000076293945,146118800
2019-05-24,42.773136138916016,44.74250030517578,45.53499984741211,44.65499877929688,45.04999923706055,94858800
2019-05-28,42.59626770019531,44.557498931884766,45.147499084472656,44.477500915527344,44.72999954223633,111792800
2019-05-29,42.39312362670898,44.345001220703125,44.837501525878906,44.0,44.10499954223633,113924800
2019-05-30,42.61301040649414,44.57500076293945,44.807498931884766,44.16749954223633,44.48749923706055,84873600
2019-05-31,41.841041564941406,43.76750183105469,44.497501373291016,43.747501373291016,44.057498931884766,108174400
2019-06-03,41.41802597045898,43.32500076293945,44.47999954223633,42.567501068115234,43.900001525878906,161584400
2019-06-04,42.933250427246094,44.90999984741211,44.95750045776367,43.630001068115234,43.86000061035156,123872000
2019-06-05,43.6263427734375,45.6349983215332,46.247501373291016,45.28499984741211,46.06999969482422,119093600
2019-06-06,44.26686096191406,46.30500030517578,46.36750030517578,45.53749847412109,45.77000045776367,90105200
2019-06-07,45.44511795043945,47.53749847412109,47.97999954223633,46.442501068115234,46.62749862670898,122737600
2019-06-10,46.0258674621582,48.14500045776367,48.84249877929688,47.90499877929688,47.95249938964844,104883600
2019-06-11,46.5588264465332,48.70249938964844,49.0,48.400001525878906,48.71500015258789,107731600
2019-06-12,46.4106559753418,48.54750061035156,48.99250030517578,48.34749984741211,48.48749923706055,73012800
2019-06-13,46.40108871459961,48.53749847412109,49.1974983215332,48.400001525878906,48.67499923706055,86698400
2019-06-14,46.06410598754883,48.185001373291016,48.397499084472656,47.57500076293945,47.88750076293945,75046000
2019-06-17,46.33894348144531,48.47249984741211,48.7400016784668,48.04249954223633,48.22499847412109,58676400
2019-06-18,47.42878341674805,49.61249923706055,50.0724983215332,48.8025016784668,49.01250076293945,106204000
2019-06-19,47.2901611328125,49.46749877929688,49.970001220703125,49.32749938964844,49.91999816894531,84496800
2019-06-20,47.67015838623047,49.8650016784668,50.15250015258789,49.50749969482422,50.09249877929688,86056000
2019-06-21,47.50764465332031,49.69499969482422,50.212501525878906,49.53749847412109,49.70000076293945,191202400
2019-06-24,47.45984649658203,49.64500045776367,50.040000915527344,49.54249954223633,49.6349983215332,72881600
2019-06-25,46.7404670715332,48.89250183105469,49.81499862670898,48.8224983215332,49.60749816894531,84281200
2019-06-26,47.75142288208008,49.95000076293945,50.247501373291016,49.337501525878906,49.442501068115234,104270000
2019-06-27,47.737083435058594,49.935001373291016,50.39250183105469,49.89250183105469,50.0724983215332,83598800
2019-06-28,47.30210494995117,49.47999954223633,49.875,49.26250076293945,49.66999816894531,124442400
2019-07-01,48.16965866088867,50.38750076293945,51.122501373291016,50.16249847412109,50.79249954223633,109012000
2019-07-02,48.45167541503906,50.682498931884766,50.782501220703125,50.34000015258789,50.352500915527344,67740800
2019-07-03,48.85319137573242,51.102500915527344,51.11000061035156,50.67250061035156,50.81999969482422,45448000
2019-07-05,48.81016540527344,51.057498931884766,51.27000045776367,50.72499847412109,50.837501525878906,69062000
2019-07-08,47.80400085449219,50.005001068115234,50.34999847412109,49.602500915527344,50.20249938964844,101354400
2019-07-09,48.095584869384766,50.310001373291016,50.37749862670898,49.70249938964844,49.79999923706055,82312000
2019-07-10,48.571170806884766,50.807498931884766,50.932498931884766,50.38999938964844,50.462501525878906,71588400
2019-07-11,48.21746063232422,50.4375,51.09749984741211,50.4275016784668,50.82749938964844,80767200
2019-07-12,48.58790969848633,50.82500076293945,51.0,50.54999923706055,50.61249923706055,70380800
2019-07-15,49.04439163208008,51.3025016784668,51.46749877929688,51.0,51.022499084472656,67789600
2019-07-16,48.87470245361328,51.125,51.52750015258789,50.875,51.147499084472656,67467200
2019-07-17,48.5998649597168,50.837501525878906,51.272499084472656,50.817501068115234,51.01250076293945,56430000
2019-07-18,49.15194320678711,51.415000915527344,51.470001220703125,50.92499923706055,51.0,74162400
2019-07-19,48.4182243347168,50.647499084472656,51.625,50.59000015258789,51.4474983215332,83717200
2019-07-22,49.5247688293457,51.80500030517578,51.807498931884766,50.90250015258789,50.91249847412109,89111600
2019-07-23,49.91195297241211,52.209999084472656,52.227500915527344,51.8224983215332,52.1150016784668,73420800
2019-07-24,49.87132263183594,52.16749954223633,52.28749847412109,51.79249954223633,51.91749954223633,59966400
2019-07-25,49.47697067260742,51.755001068115234,52.310001373291016,51.682498931884766,52.22249984741211,55638400
2019-07-26,49.64905548095703,51.935001373291016,52.432498931884766,51.78499984741211,51.869998931884766,70475600
2019-07-29,50.11268997192383,52.41999816894531,52.65999984741211,52.11000061035156,52.1150016784668,86693600
2019-07-30,49.89759826660156,52.19499969482422,52.540000915527344,51.82749938964844,52.18999862670898,135742800
2019-07-31,50.91572952270508,53.2599983215332,55.34249877929688,52.82500076293945,54.10499954223633,277125600
2019-08-01,49.81395721435547,52.10749816894531,54.50749969482422,51.685001373291016,53.47499847412109,216071600
2019-08-02,48.759986877441406,51.005001068115234,51.60749816894531,50.407501220703125,51.38249969482422,163448400
2019-08-05,46.20750045776367,48.334999084472656,49.66249847412109,48.14500045776367,49.497501373291016,209572000
2019-08-06,47.08222198486328,49.25,49.51750183105469,48.5099983215332,49.07749938964844,143299200
2019-08-07,47.56977844238281,49.7599983215332,49.88999938964844,48.45500183105469,48.852500915527344,133457600
2019-08-08,48.61898422241211,50.85749816894531,50.88249969482422,49.84749984741211,50.04999923706055,108038000
2019-08-09,48.21834564208984,50.247501373291016,50.68999862670898,49.8224983215332,50.32500076293945,98478800
2019-08-12,48.09599304199219,50.119998931884766,50.51250076293945,49.78749847412109,49.90499877929688,89927600
2019-08-13,50.13277053833008,52.24250030517578,53.03499984741211,50.119998931884766,50.255001068115234,188874000
2019-08-14,48.64056396484375,50.6875,51.61000061035156,50.647499084472656,50.790000915527344,146189600
2019-08-15,48.39826965332031,50.435001373291016,51.28499984741211,49.91749954223633,50.8650016784668,108909600
2019-08-16,49.54021453857422,51.625,51.790000915527344,50.959999084472656,51.06999969482422,110481600
2019-08-19,50.463829040527344,52.587501525878906,53.182498931884766,52.50749969482422,52.65499877929688,97654400
2019-08-20,50.46622848510742,52.59000015258789,53.337501525878906,52.58000183105469,52.720001220703125,107537200
2019-08-21,51.013214111328125,53.15999984741211,53.41249847412109,52.900001525878906,53.247501373291016,86141600
2019-08-22,50.97003936767578,53.1150016784668,53.61000061035156,52.6875,53.29750061035156,89014800
2019-08-23,48.61418533325195,50.65999984741211,53.01250076293945,50.25,52.35749816894531,187272000
2019-08-26,49.53780746459961,51.622501373291016,51.79750061035156,51.26499938964844,51.46500015258789,104174400
2019-08-27,48.97882843017578,51.040000915527344,52.13750076293945,50.88249969482422,51.96500015258789,103493200
2019-08-28,49.30750274658203,51.38249969482422,51.43000030517578,50.83000183105469,51.025001525878906,63755200
2019-08-29,50.142372131347656,52.25249862670898,52.33000183105469,51.665000915527344,52.125,83962000
2019-08-30,50.07759094238281,52.185001373291016,52.61249923706055,51.79999923706055,52.540000915527344,84573600
2019-09-03,49.34827423095703,51.42499923706055,51.744998931884766,51.05500030517578,51.60749816894531,80092000
2019-09-04,50.185546875,52.29750061035156,52.369998931884766,51.83000183105469,52.09749984741211,76752400
2019-09-05,51.16676712036133,53.31999969482422,53.49250030517578,52.87749862670898,53.0,95654800
2019-09-06,51.16196060180664,53.31499862670898,53.60499954223633,53.12749862670898,53.51250076293945,77449200
2019-09-09,51.38027572631836,53.54249954223633,54.11000061035156,52.76750183105469,53.709999084472656,109237600
2019-09-10,51.98723602294922,54.17499923706055,54.19499969482422,52.9275016784668,53.46500015258789,127111600
2019-09-11,53.64016342163086,55.897499084472656,55.9275016784668,54.432498931884766,54.51750183105469,177158400
2019-09-12,53.52022171020508,55.772499084472656,56.60499954223633,55.71500015258789,56.20000076293945,128906800
2019-09-13,52.4790267944336,54.6875,55.1974983215332,54.255001068115234,55.0,159053200
2019-09-16,52.75492477416992,54.97499847412109,55.032501220703125,54.38999938964844,54.432498931884766,84632400
2019-09-17,52.94685363769531,55.17499923706055,55.20500183105469,54.77999877929688,54.9900016784668,73274800
2019-09-18,53.443450927734375,55.692501068115234,55.712501525878906,54.86000061035156,55.26499938964844,101360000
2019-09-19,53.00922775268555,55.2400016784668,55.93999862670898,55.09249877929688,55.50249862670898,88242400
2019-09-20,52.23432922363281,54.432498931884766,55.63999938964844,54.36750030517578,55.345001220703125,221652400
2019-09-23,52.47184753417969,54.68000030517578,54.959999084472656,54.41249847412109,54.73749923706055,76662000
2019-09-24,52.22233200073242,54.41999816894531,55.622501373291016,54.29750061035156,55.25749969482422,124763200
2019-09-25,53.0260124206543,55.25749969482422,55.375,54.28499984741211,54.63750076293945,87613600
2019-09-26,52.75252151489258,54.97249984741211,55.23500061035156,54.70750045776367,55.0,75334000
2019-09-27,52.49583435058594,54.70500183105469,55.2400016784668,54.31999969482422,55.1349983215332,101408000
2019-09-30,53.73133087158203,55.99250030517578,56.14500045776367,55.1974983215332,55.22499847412109,103909600
2019-10-01,53.88007354736328,56.147499084472656,57.05500030517578,56.04999923706055,56.26750183105469,139223200
2019-10-02,52.529422760009766,54.7400016784668,55.89500045776367,54.48249816894531,55.76499938964844,138449200
2019-10-03,52.97563934326172,55.20500183105469,55.2400016784668,53.782501220703125,54.60749816894531,114426000
2019-10-04,54.46064376831055,56.75249862670898,56.872501373291016,55.97249984741211,56.40999984741211,138478800
2019-10-07,54.47264099121094,56.76499938964844,57.48249816894531,56.459999084472656,56.567501068115234,122306000
2019-10-08,53.83449172973633,56.09999847412109,57.01499938964844,56.08250045776367,56.45500183105469,111820000
2019-10-09,54.465450286865234,56.75749969482422,56.9474983215332,56.40999984741211,56.75749969482422,74770400
2019-10-10,55.19954299926758,57.522499084472656,57.61000061035156,56.82500076293945,56.98249816894531,113013600
2019-10-11,56.667755126953125,59.0525016784668,59.40999984741211,58.07749938964844,58.23749923706055,166795600
2019-10-14,56.58618927001953,58.96749877929688,59.532501220703125,58.66749954223633,58.72499847412109,96427600
2019-10-15,56.454246520996094,58.83000183105469,59.41249847412109,58.720001220703125,59.09749984741211,87360000
2019-10-16,56.22633743286133,58.59249877929688,58.810001373291016,58.29999923706055,58.34249877929688,73903200
2019-10-17,56.44465255737305,58.81999969482422,59.03749847412109,58.380001068115234,58.772499084472656,67585200
2019-10-18,56.71574401855469,59.102500915527344,59.39500045776367,58.5724983215332,58.647499084472656,97433600
2019-10-21,57.6993408203125,60.12749862670898,60.247501373291016,59.33000183105469,59.380001068115234,87247200
2019-10-22,57.56740188598633,59.9900016784668,60.54999923706055,59.90499877929688,60.290000915527344,82293600
2019-10-23,58.33989334106445,60.79499816894531,60.810001373291016,60.30500030517578,60.525001525878906,75828800
2019-10-24,58.43585968017578,60.89500045776367,61.20000076293945,60.45249938964844,61.12749862670898,69275200
2019-10-25,59.15557861328125,61.64500045776367,61.682498931884766,60.720001220703125,60.790000915527344,73477200
2019-10-28,59.74813079833984,62.26250076293945,62.3125,61.68000030517578,61.85499954223633,96572800
2019-10-29,58.36628723144531,60.8224983215332,62.4375,60.64250183105469,62.24250030517578,142839600
2019-10-30,58.359073638916016,60.81499862670898,61.32500076293945,60.3025016784668,61.18999862670898,124522000
2019-10-31,59.67856216430664,62.18999862670898,62.29249954223633,59.31499862670898,61.810001373291016,139162000
2019-11-01,61.37228393554688,63.95500183105469,63.98249816894531,62.290000915527344,62.3849983215332,151125200
2019-11-04,61.77531433105469,64.375,64.4625015258789,63.845001220703125,64.3324966430664,103272000
2019-11-05,61.68656539916992,64.28250122070312,64.54750061035156,64.08000183105469,64.26249694824219,79897600
2019-11-06,61.71294021606445,64.30999755859375,64.37249755859375,63.84249877929688,64.19249725341797,75864400
2019-11-07,62.425201416015625,64.85749816894531,65.0875015258789,64.52749633789062,64.68499755859375,94940400
2019-11-08,62.59603500366211,65.03500366210938,65.11000061035156,64.2125015258789,64.67250061035156,69986400
2019-11-11,63.09171676635742,65.55000305175781,65.61750030517578,64.56999969482422,64.57499694824219,81821200
2019-11-12,63.033966064453125,65.48999786376953,65.69750213623047,65.2300033569336,65.38749694824219,87388800
2019-11-13,63.63797378540039,66.11750030517578,66.19499969482422,65.26750183105469,65.28250122070312,102734400
2019-11-14,63.19759750366211,65.66000366210938,66.22000122070312,65.5250015258789,65.9375,89182800
2019-11-15,63.94832992553711,66.44000244140625,66.44499969482422,65.75250244140625,65.91999816894531,100206400
2019-11-18,64.27079772949219,66.7750015258789,66.85749816894531,66.05750274658203,66.44999694824219,86703200
2019-11-19,64.07588195800781,66.57250213623047,67.0,66.34750366210938,66.9749984741211,76167200
2019-11-20,63.32994842529297,65.79750061035156,66.5199966430664,65.0999984741211,66.38500213623047,106234400
2019-11-21,63.04600143432617,65.50250244140625,66.00250244140625,65.29499816894531,65.92250061035156,121395200
2019-11-22,62.990665435791016,65.44499969482422,65.79499816894531,65.20999908447266,65.64749908447266,65325200
2019-11-25,64.09513854980469,66.59249877929688,66.61000061035156,65.62999725341797,65.67749786376953,84020400
2019-11-26,63.59462738037109,66.07250213623047,66.79000091552734,65.625,66.73500061035156,105207600
2019-11-27,64.44883728027344,66.95999908447266,66.99500274658203,66.32749938964844,66.3949966430664,65235600
2019-11-29,64.30687713623047,66.8125,67.0,66.4749984741211,66.6500015258789,46617600
2019-12-02,63.5633544921875,66.04000091552734,67.0625,65.86250305175781,66.81749725341797,94487200
2019-12-03,62.43000793457031,64.86250305175781,64.88249969482422,64.07250213623047,64.57749938964844,114430400
2019-12-04,62.98104095458984,65.43499755859375,65.82749938964844,65.16999816894531,65.26750183105469,67181600
2019-12-05,63.90502166748047,66.3949966430664,66.47250366210938,65.68250274658203,65.94750213623047,74424400
2019-12-06,65.13945007324219,67.67749786376953,67.75,66.82499694824219,66.87000274658203,106075600
2019-12-09,64.22744750976562,66.7300033569336,67.69999694824219,66.22750091552734,67.5,128042400
2019-12-10,64.60287475585938,67.12000274658203,67.51750183105469,66.46499633789062,67.1500015258789,90420400
2019-12-11,65.15384674072266,67.69249725341797,67.7750015258789,67.125,67.20249938964844,78756800
2019-12-12,65.31990051269531,67.86499786376953,68.13999938964844,66.83000183105469,66.94499969482422,137310400
2019-12-13,66.20779418945312,68.7874984741211,68.82499694824219,67.73249816894531,67.86499786376953,133587600
2019-12-16,67.34112548828125,69.96499633789062,70.19750213623047,69.24500274658203,69.25,128186000
2019-12-17,67.47352600097656,70.10250091552734,70.44249725341797,69.69999694824219,69.89250183105469,114158400
2019-12-18,67.3122787475586,69.93499755859375,70.4749984741211,69.77999877929688,69.94999694824219,116028400
2019-12-19,67.3796615600586,70.00499725341797,70.29499816894531,69.73750305175781,69.875,98369200
2019-12-20,67.24007415771484,69.86000061035156,70.6624984741211,69.63999938964844,70.55750274658203,275978000
2019-12-23,68.33731842041016,71.0,71.0625,70.09249877929688,70.13249969482422,98572000
2019-12-24,68.40230560302734,71.06749725341797,71.22250366210938,70.7300033569336,71.17250061035156,48478800
2019-12-26,69.7594223022461,72.47750091552734,72.49500274658203,71.17500305175781,71.20500183105469,93121200
2019-12-27,69.73296356201172,72.44999694824219,73.49250030517578,72.02999877929688,72.77999877929688,146266000
2019-12-30,70.14682006835938,72.87999725341797,73.17250061035156,71.30500030517578,72.36499786376953,144114400
2019-12-31,70.65937805175781,73.4124984741211,73.41999816894531,72.37999725341797,72.48249816894531,100805600
2020-01-02,72.27154541015625,75.0875015258789,75.1500015258789,73.79750061035156,74.05999755859375,135480400
2020-01-03,71.56893920898438,74.35749816894531,75.1449966430664,74.125,74.2874984741211,146322800
2020-01-06,72.13919067382812,74.94999694824219,74.98999786376953,73.1875,73.44750213623047,118387200
2020-01-07,71.79991912841797,74.59750366210938,75.2249984741211,74.37000274658203,74.95999908447266,108872000
2020-01-08,72.95491027832031,75.79750061035156,76.11000061035156,74.29000091552734,74.29000091552734,132079200
2020-01-09,74.50453186035156,77.40750122070312,77.60749816894531,76.55000305175781,76.80999755859375,170108400
2020-01-10,74.6729736328125,77.5824966430664,78.1675033569336,77.0625,77.6500015258789,140644800
2020-01-13,76.26832580566406,79.23999786376953,79.26750183105469,77.7874984741211,77.91000366210938,121532000
2020-01-14,75.23844909667969,78.16999816894531,79.39250183105469,78.0425033569336,79.17500305175781,161954400
2020-01-15,74.91600036621094,77.83499908447266,78.875,77.38749694824219,77.9625015258789,121923600
2020-01-16,75.85444641113281,78.80999755859375,78.92500305175781,78.02249908447266,78.39749908447266,108829200
2020-01-17,76.6942138671875,79.68250274658203,79.68499755859375,78.75,79.06749725341797,137816400
2020-01-21,76.17448425292969,79.14250183105469,79.75499725341797,79.0,79.29750061035156,110843200
2020-01-22,76.44638061523438,79.42500305175781,79.99749755859375,79.32749938964844,79.6449966430664,101832400
2020-01-23,76.81452178955078,79.80750274658203,79.88999938964844,78.9124984741211,79.4800033569336,104472000
2020-01-24,76.59315490722656,79.57749938964844,80.8324966430664,79.37999725341797,80.0625,146537600
2020-01-27,74.34090423583984,77.23750305175781,77.94249725341797,76.22000122070312,77.51499938964844,161940000
2020-01-28,76.4439697265625,79.42250061035156,79.5999984741211,78.04750061035156,78.1500015258789,162234000
2020-01-29,78.04411315917969,81.08499908447266,81.9625015258789,80.34500122070312,81.11250305175781,216229200
2020-01-30,77.9310302734375,80.96749877929688,81.02249908447266,79.6875,80.13500213623047,126743200
2020-01-31,74.4756851196289,77.37750244140625,80.66999816894531,77.07250213623047,80.23249816894531,199588400
2020-02-03,74.2711410522461,77.16500091552734,78.37249755859375,75.55500030517578,76.07499694824219,173788400
2020-02-04,76.72309875488281,79.7125015258789,79.91000366210938,78.40750122070312,78.82749938964844,136616400
2020-02-05,77.34873962402344,80.36250305175781,81.19000244140625,79.73750305175781,80.87999725341797,118826800
2020-02-06,78.25344848632812,81.30249786376953,81.30500030517578,80.06500244140625,80.64250183105469,105425600
2020-02-07,77.18978881835938,80.00749969482422,80.8499984741211,79.5,80.59249877929688,117684000
2020-02-10,77.55640411376953,80.38749694824219,80.38749694824219,78.4625015258789,78.54499816894531,109348800
2020-02-11,77.0885009765625,79.90249633789062,80.9749984741211,79.67749786376953,80.9000015258789,94323200
2020-02-12,78.91915130615234,81.80000305175781,81.80500030517578,80.36750030517578,80.36750030517578,113730400
2020-02-13,78.35716247558594,81.21749877929688,81.55500030517578,80.8375015258789,81.04750061035156,94747600
2020-02-14,78.37646484375,81.23750305175781,81.49500274658203,80.7125015258789,81.18499755859375,80113600
2020-02-18,76.94137573242188,79.75,79.9375,78.65249633789062,78.83999633789062,152531200
2020-02-19,78.0556869506836,80.90499877929688,81.14250183105469,80.0,80.0,93984000
2020-02-20,77.25491333007812,80.07499694824219,81.1624984741211,79.55249786376953,80.65750122070312,100566000
2020-02-21,75.5062484741211,78.26249694824219,80.11250305175781,77.625,79.65499877929688,129554000
2020-02-24,71.91966247558594,74.54499816894531,76.04499816894531,72.30750274658203,74.31500244140625,222195200
2020-02-25,69.48358154296875,72.0199966430664,75.63249969482422,71.53250122070312,75.23750305175781,230673600
2020-02-26,70.58585357666016,73.1624984741211,74.47000122070312,71.625,71.63249969482422,198054800
2020-02-27,65.9718017578125,68.37999725341797,71.5,68.23999786376953,70.2750015258789,320605600
2020-02-28,65.93318939208984,68.33999633789062,69.60250091552734,64.09249877929688,64.31500244140625,426510000
2020-03-02,72.07161712646484,74.70249938964844,75.36000061035156,69.43000030517578,70.56999969482422,341397200
2020-03-03,69.7826919555664,72.33000183105469,76.0,71.44999694824219,75.9175033569336,319475600
2020-03-04,73.01953125,75.68499755859375,75.8499984741211,73.28250122070312,74.11000061035156,219178400
2020-03-05,70.6509780883789,73.2300033569336,74.88749694824219,72.85250091552734,73.87999725341797,187572800
2020-03-06,69.71275329589844,72.25749969482422,72.70500183105469,70.30750274658203,70.5,226176800
2020-03-09,64.19900512695312,66.5425033569336,69.52249908447266,65.75,65.9375,286744800
2020-03-10,68.82272338867188,71.33499908447266,71.61000061035156,67.34249877929688,69.28500366210938,285290000
2020-03-11,66.4324722290039,68.85749816894531,70.30500030517578,67.96499633789062,69.34750366210938,255598800
2020-03-12,59.871952056884766,62.057498931884766,67.5,62.0,63.98500061035156,418474000
2020-03-13,67.04512786865234,69.49250030517578,69.9800033569336,63.23749923706055,66.22250366210938,370732000
2020-03-16,58.419952392578125,60.5525016784668,64.7699966430664,60.0,60.48749923706055,322423600
2020-03-17,60.98868179321289,63.21500015258789,64.40249633789062,59.59999847412109,61.87749862670898,324056000
2020-03-18,59.49569320678711,61.66749954223633,62.5,59.27999877929688,59.942501068115234,300233600
2020-03-19,59.039817810058594,61.19499969482422,63.209999084472656,60.65250015258789,61.84749984741211,271857200
2020-03-20,55.29165649414063,57.310001373291016,62.95750045776367,57.0,61.79499816894531,401693200
2020-03-23,54.11702728271485,56.09249877929688,57.125,53.15250015258789,57.02000045776367,336752800
2020-03-24,59.546348571777344,61.720001220703125,61.92250061035156,58.57500076293945,59.09000015258789,287531200
2020-03-25,59.21831512451172,61.380001068115234,64.5625,61.07500076293945,62.6875,303602000
2020-03-26,62.334564208984375,64.61000061035156,64.66999816894531,61.59000015258789,61.630001068115234,252087200
2020-03-27,59.75378036499024,61.935001373291016,63.96749877929688,61.76250076293945,63.1875,204216800
2020-03-30,61.459022521972656,63.70249938964844,63.880001068115234,62.34999847412109,62.685001373291016,167976400
2020-03-31,61.333595275878906,63.5724983215332,65.62249755859375,63.0,63.900001525878906,197002000
2020-04-01,58.10640335083008,60.227500915527344,62.18000030517578,59.782501220703125,61.625,176218400
2020-04-02,59.07601547241211,61.23249816894531,61.28749847412109,59.22499847412109,60.084999084472656,165934000
2020-04-03,58.22700881958008,60.352500915527344,61.42499923706055,59.74250030517578,60.70000076293945,129880000
2020-04-06,63.30656433105469,65.61750030517578,65.77749633789062,62.345001220703125,62.72499847412109,201820400
2020-04-07,62.57335662841797,64.85749816894531,67.92500305175781,64.75,67.69999694824219,202887200
2020-04-08,64.17487335205078,66.51750183105469,66.84249877929688,65.30750274658203,65.68499755859375,168895200
2020-04-09,64.63796997070312,66.99749755859375,67.51750183105469,66.17500305175781,67.17500305175781,161834800
2020-04-13,65.90666961669922,68.3125,68.42500305175781,66.4574966430664,67.07749938964844,131022800
2020-04-14,69.23516845703125,71.76249694824219,72.0625,69.51249694824219,70.0,194994800
2020-04-15,68.60322570800781,71.10749816894531,71.5824966430664,70.15750122070312,70.5999984741211,131154400
2020-04-16,69.14834594726562,71.67250061035156,72.05000305175781,70.5875015258789,71.84500122070312,157125200
2020-04-17,68.2100830078125,70.69999694824219,71.73750305175781,69.21499633789062,71.17250061035156,215250000
2020-04-20,66.79427337646484,69.23249816894531,70.41999816894531,69.2125015258789,69.48750305175781,130015200
2020-04-21,64.72960662841797,67.09249877929688,69.3125,66.35749816894531,69.06999969482422,180991600
2020-04-22,66.59407043457031,69.0250015258789,69.4749984741211,68.05000305175781,68.40249633789062,116862400
2020-04-23,66.33599090576172,68.75749969482422,70.4375,68.71749877929688,68.96749877929688,124814400
2020-04-24,68.25109100341797,70.74250030517578,70.75250244140625,69.25,69.30000305175781,126161200
2020-04-27,68.29931640625,70.7925033569336,71.13500213623047,69.98750305175781,70.44999694824219,117087600
2020-04-28,67.19223022460938,69.6449966430664,71.4574966430664,69.55000305175781,71.2699966430664,112004800
2020-04-29,69.39917755126953,71.93250274658203,72.4175033569336,70.97250366210938,71.18250274658203,137280800
2020-04-30,70.86323547363281,73.44999694824219,73.63249969482422,72.0875015258789,72.48999786376953,183064000
2020-05-01,69.72238159179688,72.26750183105469,74.75,71.4625015258789,71.5625,240616800
2020-05-04,70.70886993408203,73.29000091552734,73.42250061035156,71.58000183105469,72.2925033569336,133568000
2020-05-05,71.7701187133789,74.38999938964844,75.25,73.61499786376953,73.76499938964844,147751200
2020-05-06,72.51060485839844,75.15750122070312,75.80999755859375,74.71749877929688,75.11499786376953,142333600
2020-05-07,73.26071166992188,75.93499755859375,76.2925033569336,75.49250030517578,75.80500030517578,115215200
2020-05-08,75.00444030761719,77.53250122070312,77.5875015258789,76.07250213623047,76.41000366210938,133838400
2020-05-11,76.1846694946289,78.75250244140625,79.26249694824219,76.80999755859375,77.0250015258789,145946400
2020-05-12,75.31400299072266,77.85250091552734,79.92250061035156,77.72750091552734,79.4574966430664,162301200
2020-05-13,74.40463256835938,76.9124984741211,78.98750305175781,75.80249786376953,78.0374984741211,200622400
2020-05-14,74.86177062988281,77.38500213623047,77.44750213623047,75.38249969482422,76.12750244140625,158929200
2020-05-15,74.4191665649414,76.92749786376953,76.9749984741211,75.05249786376953,75.0875015258789,166348400
2020-05-18,76.17257690429688,78.73999786376953,79.125,77.58000183105469,78.2925033569336,135178400
2020-05-19,75.73241424560547,78.28500366210938,79.62999725341797,78.25250244140625,78.75749969482422,101729600
2020-05-20,77.20527648925781,79.80750274658203,79.87999725341797,79.12999725341797,79.16999816894531,111504800
2020-05-21,76.6296615600586,79.2125015258789,80.22250366210938,78.96749877929688,79.66500091552734,102688800
2020-05-22,77.12303161621094,79.72250366210938,79.80750274658203,78.8375015258789,78.94249725341797,81803200
2020-05-26,76.60064697265625,79.18250274658203,81.05999755859375,79.125,80.875,125522000
2020-05-27,76.93438720703125,79.52749633789062,79.67749786376953,78.27249908447266,79.03500366210938,112945200
2020-05-28,76.96824645996094,79.5625,80.86000061035156,78.90750122070312,79.19249725341797,133560800
2020-05-29,76.89328002929688,79.48500061035156,80.2874984741211,79.11750030517578,79.8125,153532400
2020-06-01,77.83894348144531,80.4625015258789,80.5875015258789,79.30249786376953,79.4375,80791200
2020-06-02,78.19924926757812,80.83499908447266,80.86000061035156,79.73249816894531,80.1875,87642800
2020-06-03,78.62975311279297,81.27999877929688,81.55000305175781,80.57499694824219,81.16500091552734,104491200
2020-06-04,77.95256805419922,80.58000183105469,81.40499877929688,80.19499969482422,81.09750366210938,87560400
2020-06-05,80.17274475097656,82.875,82.9375,80.80750274658203,80.8375015258789,137250400
2020-06-08,80.6467514038086,83.36499786376953,83.4000015258789,81.83000183105469,82.5625,95654400
2020-06-09,83.19341278076172,85.99749755859375,86.40249633789062,83.00250244140625,83.03500366210938,147712400
2020-06-10,85.33378601074219,88.20999908447266,88.69249725341797,86.52249908447266,86.9749984741211,166651600
2020-06-11,81.23688507080078,83.9749984741211,87.76499938964844,83.87000274658203,87.32749938964844,201662400
2020-06-12,81.938232421875,84.69999694824219,86.94999694824219,83.55500030517578,86.18000030517578,200146000
2020-06-15,82.95160675048828,85.74749755859375,86.41999816894531,83.1449966430664,83.3125,138808800
2020-06-16,85.14997100830078,88.0199966430664,88.30000305175781,86.18000030517578,87.86499786376953,165428800
2020-06-17,85.03144836425781,87.89749908447266,88.8499984741211,87.77249908447266,88.7874984741211,114406400
2020-06-18,85.0653305053711,87.93250274658203,88.36250305175781,87.30500030517578,87.85250091552734,96820400
2020-06-19,84.5792007446289,87.43000030517578,89.13999938964844,86.2874984741211,88.66000366210938,264476000
2020-06-22,86.79212951660156,89.71749877929688,89.86499786376953,87.7874984741211,87.83499908447266,135445200
2020-06-23,88.6446762084961,91.63249969482422,93.09500122070312,90.56749725341795,91.0,212155600
2020-06-24,87.07994079589844,90.01499938964844,92.19750213623048,89.62999725341797,91.25,192623200
2020-06-25,88.2359619140625,91.20999908447266,91.25,89.39250183105469,90.1750030517578,137522400
2020-06-26,85.52483367919922,88.40750122070312,91.33000183105467,88.25499725341797,91.10250091552734,205256800
2020-06-29,87.49592590332031,90.44499969482422,90.5425033569336,87.81999969482422,88.3125,130646000
2020-06-30,88.226318359375,91.1999969482422,91.49500274658205,90.0,90.0199966430664,140223200
2020-07-01,88.0594253540039,91.02749633789062,91.83999633789062,90.97750091552734,91.27999877929688,110737200
2020-07-02,88.0594253540039,91.02749633789062,92.61750030517578,90.91000366210938,91.9625015258789,114041600
2020-07-06,90.41503143310548,93.4625015258789,93.94499969482422,92.46749877929688,92.5,118655600
2020-07-07,90.1344757080078,93.17250061035156,94.65499877929688,93.05750274658205,93.85250091552734,112424400
2020-07-08,92.23372650146484,95.34249877929688,95.375,94.08999633789062,94.18000030517578,117092000
2020-07-09,92.6303482055664,95.75250244140624,96.31749725341795,94.67250061035156,96.2624969482422,125642800
2020-07-10,92.79238891601562,95.91999816894533,95.9800033569336,94.70500183105467,95.33499908447266,90257200
2020-07-13,92.36431884765624,95.47750091552734,99.95500183105467,95.25749969482422,97.26499938964844,191649200
2020-07-14,93.89281463623048,97.05750274658205,97.25499725341795,93.87750244140624,94.83999633789062,170989200
2020-07-15,94.5385284423828,97.7249984741211,99.24749755859376,96.48999786376952,98.98999786376952,153198000
2020-07-16,93.375244140625,96.52249908447266,97.40499877929688,95.90499877929688,96.5625,110577600
2020-07-17,93.18661499023438,96.32749938964844,97.14749908447266,95.83999633789062,96.9875030517578,92186800
2020-07-20,95.150390625,98.35749816894533,98.5,96.0625,96.4175033569336,90318000
2020-07-21,93.83717346191406,97.0,99.25,96.74250030517578,99.17250061035156,103433200
2020-07-22,94.10079956054688,97.27249908447266,97.9749984741211,96.60250091552734,96.69249725341795,89001600
2020-07-23,89.8176498413086,92.84500122070312,97.07749938964844,92.01000213623048,96.99749755859376,197004400
2020-07-24,89.59515380859375,92.61499786376952,92.97000122070312,89.1449966430664,90.9875030517578,185438800
2020-07-27,91.71856689453124,94.80999755859376,94.90499877929688,93.4800033569336,93.70999908447266,121214000
2020-07-28,90.2118682861328,93.25250244140624,94.5500030517578,93.24749755859376,94.36750030517578,103625600
2020-07-29,91.94107818603516,95.04000091552734,95.2300033569336,93.7125015258789,93.75,90329200
2020-07-30,93.0535888671875,96.19000244140624,96.29750061035156,93.76750183105467,94.1875,158130000
2020-07-31,102.79524993896484,106.26000213623048,106.41500091552734,100.8249969482422,102.88500213623048,374336800
2020-08-03,105.38544464111328,108.9375,111.6374969482422,107.89250183105467,108.1999969482422,308151200
2020-08-04,106.0892105102539,109.66500091552734,110.79000091552734,108.3874969482422,109.13249969482422,173071600
2020-08-05,106.47378540039062,110.0625,110.39250183105467,108.89749908447266,109.37750244140624,121776800
2020-08-06,110.18854522705078,113.90249633789062,114.4124984741211,109.79750061035156,110.40499877929688,202428800
2020-08-07,107.6833267211914,111.1125030517578,113.6750030517578,110.2925033569336,113.20500183105467,198045600
2020-08-10,109.24848175048828,112.72750091552734,113.7750015258789,110.0,112.5999984741211,212403600
2020-08-11,105.99943542480467,109.375,112.48249816894533,109.10749816894533,111.97000122070312,187902400
2020-08-12,109.52227020263672,113.01000213623048,113.2750015258789,110.29750061035156,110.49749755859376,165598000
2020-08-13,111.46053314208984,115.01000213623048,116.0425033569336,113.92749786376952,114.43000030517578,210082000
2020-08-14,111.3612060546875,114.90750122070312,115.0,113.04499816894533,114.83000183105467,165565200
2020-08-17,111.0704345703125,114.60749816894533,116.0875015258789,113.9625015258789,116.0625,119561600
2020-08-18,111.9959945678711,115.5625,116.0,114.00749969482422,114.35250091552734,105633600
2020-08-19,112.1365203857422,115.7074966430664,117.1624984741211,115.61000061035156,115.98249816894533,145538000
2020-08-20,114.6247787475586,118.2750015258789,118.39250183105467,115.73249816894533,115.75,126907200
2020-08-21,120.53168487548828,124.37000274658205,124.86750030517578,119.25,119.2624969482422,338054800
2020-08-24,121.97323608398438,125.85749816894533,128.78500366210938,123.9375,128.69749450683594,345937600
2020-08-25,120.97261810302734,124.8249969482422,125.18000030517578,123.05249786376952,124.69750213623048,211495600
2020-08-26,122.6177215576172,126.52249908447266,126.99250030517578,125.0824966430664,126.18000030517578,163022400
2020-08-27,121.15192413330078,125.01000213623048,127.48500061035156,123.8324966430664,127.14250183105467,155552400
2020-08-28,120.95565795898438,124.80750274658205,126.44249725341795,124.57749938964844,126.0124969482422,187630000
2020-08-31,125.05753326416016,129.0399932861328,131.0,126.0,127.58000183105467,225702700
2020-09-01,130.03890991210938,134.17999267578125,134.8000030517578,130.52999877929688,132.75999450683594,151948100
2020-09-02,127.34469604492188,131.39999389648438,137.97999572753906,127.0,137.58999633789062,200119000
2020-09-03,117.14937591552734,120.87999725341795,128.83999633789062,120.5,126.91000366210938,257599600
2020-09-04,117.22689819335938,120.95999908447266,123.6999969482422,110.88999938964844,120.06999969482422,332607200
2020-09-08,109.33812713623048,112.81999969482422,118.98999786376952,112.68000030517578,113.9499969482422,231366600
2020-09-09,113.69922637939452,117.31999969482422,119.13999938964844,115.26000213623048,117.26000213623048,176940500
2020-09-10,109.9874496459961,113.48999786376952,120.5,112.5,120.36000061035156,182274400
2020-09-11,108.54341888427734,112.0,115.2300033569336,110.0,114.56999969482422,180860300
2020-09-14,111.79972076416016,115.36000061035156,115.93000030517578,112.8000030517578,114.72000122070312,140150100
2020-09-15,111.97418975830078,115.54000091552734,118.83000183105467,113.61000061035156,118.33000183105467,184642000
2020-09-16,108.66941833496094,112.12999725341795,116.0,112.04000091552734,115.2300033569336,154679000
2020-09-17,106.93465423583984,110.33999633789062,112.1999969482422,108.70999908447266,109.72000122070312,178011000
2020-09-18,103.54267120361328,106.83999633789062,110.87999725341795,106.08999633789062,110.4000015258789,287104900
2020-09-21,106.68269348144533,110.08000183105467,110.19000244140624,103.0999984741211,104.54000091552734,195713800
2020-09-22,108.35929870605467,111.80999755859376,112.86000061035156,109.16000366210938,112.68000030517578,183055400
2020-09-23,103.81404113769533,107.12000274658205,112.11000061035156,106.7699966430664,111.62000274658205,150718700
2020-09-24,104.88009643554688,108.22000122070312,110.25,105.0,105.16999816894533,167743300
2020-09-25,108.81478881835938,112.27999877929688,112.44000244140624,107.66999816894533,108.43000030517578,149981400
2020-09-28,111.41207885742188,114.95999908447266,115.31999969482422,112.77999877929688,115.01000213623048,137672400
2020-09-29,110.56891632080078,114.08999633789062,115.30999755859376,113.56999969482422,114.5500030517578,99382200
2020-09-30,112.23584747314452,115.80999755859376,117.26000213623048,113.62000274658205,113.79000091552734,142675200
2020-10-01,113.18563842773438,116.79000091552734,117.72000122070312,115.83000183105467,117.63999938964844,116120400
2020-10-02,109.5319595336914,113.0199966430664,115.37000274658205,112.22000122070312,112.88999938964844,144712000
2020-10-05,112.90455627441406,116.5,116.6500015258789,113.5500030517578,113.91000366210938,106243800
2020-10-06,109.66764831542967,113.16000366210938,116.12000274658205,112.25,115.6999969482422,161498200
2020-10-07,111.52838134765624,115.08000183105467,115.5500030517578,114.12999725341795,114.62000274658205,96849000
2020-10-08,111.42178344726562,114.97000122070312,116.4000015258789,114.58999633789062,116.25,83477200
2020-10-09,113.3600616455078,116.97000122070312,117.0,114.91999816894533,115.27999877929688,100506900
2020-10-12,120.5607452392578,124.4000015258789,125.18000030517578,119.27999877929688,120.05999755859376,240226800
2020-10-13,117.36258697509766,121.0999984741211,125.38999938964844,119.6500015258789,125.2699966430664,262330500
2020-10-14,117.44981384277344,121.19000244140624,123.02999877929688,119.62000274658205,121.0,150712000
2020-10-15,116.98462677001952,120.70999908447266,121.1999969482422,118.1500015258789,118.72000122070312,112559200
2020-10-16,115.3467788696289,119.0199966430664,121.5500030517578,118.80999755859376,121.27999877929688,115393800
2020-10-19,112.4006118774414,115.9800033569336,120.41999816894533,115.66000366210938,119.95999908447266,120639300
2020-10-20,113.8833999633789,117.51000213623048,118.9800033569336,115.62999725341795,116.1999969482422,124423700
2020-10-21,113.2631378173828,116.87000274658205,118.70999908447266,116.4499969482422,116.66999816894533,89946000
2020-10-22,112.17771911621094,115.75,118.04000091552734,114.58999633789062,117.4499969482422,101988000
2020-10-23,111.4896011352539,115.04000091552734,116.5500030517578,114.27999877929688,116.38999938964844,82572600
2020-10-26,111.49930572509766,115.0500030517578,116.5500030517578,112.87999725341795,114.01000213623048,111850700
2020-10-27,113.00145721435548,116.5999984741211,117.27999877929688,114.54000091552734,115.48999786376952,92276800
2020-10-28,107.7681121826172,111.1999969482422,115.43000030517578,111.0999984741211,115.0500030517578,143937800
2020-10-29,111.7609634399414,115.31999969482422,116.93000030517578,112.1999969482422,112.37000274658205,146129200
2020-10-30,105.5003433227539,108.86000061035156,111.98999786376952,107.72000122070312,111.05999755859376,190272600
2020-11-02,105.41312408447266,108.7699966430664,110.68000030517578,107.31999969482422,109.11000061035156,122866900
2020-11-03,107.0315933227539,110.44000244140624,111.48999786376952,108.7300033569336,109.66000366210938,107624400
2020-11-04,111.4023895263672,114.9499969482422,115.58999633789062,112.3499984741211,114.13999938964844,138235500
2020-11-05,115.3564910888672,119.02999877929688,119.62000274658205,116.87000274658205,117.9499969482422,126387100
2020-11-06,115.22543334960938,118.69000244140624,119.1999969482422,116.12999725341795,118.31999969482422,114457900
2020-11-09,112.92459869384766,116.31999969482422,121.98999786376952,116.0500030517578,120.5,154515300
2020-11-10,112.58480834960938,115.97000122070312,117.58999633789062,114.12999725341795,115.5500030517578,138023400
2020-11-11,116.0020523071289,119.48999786376952,119.62999725341795,116.44000244140624,117.19000244140624,112295000
2020-11-12,115.7302474975586,119.20999908447266,120.52999877929688,118.56999969482422,119.62000274658205,103162300
2020-11-13,115.77877044677734,119.26000213623048,119.66999816894533,117.87000274658205,119.44000244140624,81581900
2020-11-16,116.78841400146484,120.3000030517578,120.98999786376952,118.1500015258789,118.91999816894533,91183000
2020-11-17,115.90499114990234,119.38999938964844,120.66999816894533,118.95999908447266,119.5500030517578,74271000
2020-11-18,114.58467864990234,118.02999877929688,119.81999969482422,118.0,118.61000061035156,76322100
2020-11-19,115.17687225341795,118.63999938964844,119.05999755859376,116.80999755859376,117.58999633789062,74113000
2020-11-20,113.91482543945312,117.33999633789062,118.7699966430664,117.29000091552734,118.63999938964844,73604300
2020-11-23,110.52669525146484,113.8499984741211,117.62000274658205,113.75,117.18000030517578,127959300
2020-11-24,111.80816650390624,115.16999816894533,115.8499984741211,112.58999633789062,113.91000366210938,113874200
2020-11-25,112.64306640625,116.02999877929688,116.75,115.16999816894533,115.5500030517578,76499200
2020-11-27,113.18670654296876,116.58999633789062,117.48999786376952,116.22000122070312,116.56999969482422,46691300
2020-11-30,115.5749053955078,119.0500030517578,120.97000122070312,116.80999755859376,116.97000122070312,169410200
2020-12-01,119.13778686523438,122.72000122070312,123.47000122070312,120.01000213623048,121.01000213623048,127728200
2020-12-02,119.4872817993164,123.08000183105467,123.37000274658205,120.88999938964844,122.0199966430664,89004200
2020-12-03,119.3513412475586,122.94000244140624,123.77999877929688,122.20999908447266,123.5199966430664,78967600
2020-12-04,118.68151092529295,122.25,122.86000061035156,121.5199966430664,122.5999984741211,78260400
2020-12-07,120.13771057128906,123.75,124.56999969482422,122.25,122.30999755859376,86712000
2020-12-08,120.74932098388672,124.37999725341795,124.9800033569336,123.08999633789062,124.37000274658205,82225500
2020-12-09,118.22522735595705,121.77999877929688,125.9499969482422,121.0,124.52999877929688,115089200
2020-12-10,119.64259338378906,123.23999786376952,123.87000274658205,120.1500015258789,120.5,81312200
2020-12-11,118.83683013916016,122.41000366210938,122.76000213623048,120.5500030517578,122.43000030517578,86939800
2020-12-14,118.22522735595705,121.77999877929688,123.3499984741211,121.54000091552734,122.5999984741211,79184500
2020-12-15,124.14714050292967,127.87999725341795,127.9000015258789,124.12999725341795,124.33999633789062,157243700
2020-12-16,124.07918548583984,127.80999755859376,128.3699951171875,126.55999755859376,127.41000366210938,98208600
2020-12-17,124.9432144165039,128.6999969482422,129.5800018310547,128.0399932861328,128.89999389648438,94359800
2020-12-18,122.9627685546875,126.66000366210938,129.10000610351562,126.12000274658205,128.9600067138672,192541500
2020-12-21,124.48695373535156,128.22999572753906,128.30999755859375,123.4499969482422,125.0199966430664,121251600
2020-12-22,128.03042602539062,131.8800048828125,134.41000366210938,129.64999389648438,131.61000061035156,168904800
2020-12-23,127.13724517822266,130.9600067138672,132.42999267578125,130.77999877929688,132.16000366210938,88223700
2020-12-24,128.1177520751953,131.97000122070312,133.4600067138672,131.10000610351562,131.32000732421875,54930100
2020-12-28,132.69996643066406,136.69000244140625,137.33999633789062,133.50999450683594,133.99000549316406,124486200
2020-12-29,130.93307495117188,134.8699951171875,138.7899932861328,134.33999633789062,138.0500030517578,121047300
2020-12-30,129.81671142578125,133.72000122070312,135.99000549316406,133.39999389648438,135.5800018310547,96452100
2020-12-31,128.81674194335938,132.69000244140625,134.74000549316406,131.72000122070312,134.0800018310547,99116600
2021-01-04,125.63249969482422,129.41000366210938,133.61000061035156,126.76000213623048,133.52000427246094,143301900
2021-01-05,127.18578338623048,131.00999450683594,131.74000549316406,128.42999267578125,128.88999938964844,97664900
2021-01-06,122.90450286865234,126.5999984741211,131.0500030517578,126.37999725341795,127.72000122070312,155088000
2021-01-07,127.09844207763672,130.9199981689453,131.6300048828125,127.86000061035156,128.36000061035156,109578200
2021-01-08,128.19541931152344,132.0500030517578,132.6300048828125,130.22999572753906,132.42999267578125,105158200
2021-01-11,125.2150421142578,128.97999572753906,130.1699981689453,128.5,129.19000244140625,100384500
2021-01-12,125.04034423828124,128.8000030517578,129.69000244140625,126.86000061035156,128.5,91951100
2021-01-13,127.06930541992188,130.88999938964844,131.4499969482422,128.49000549316406,128.75999450683594,88636800
2021-01-14,125.1470947265625,128.91000366210938,131.0,128.75999450683594,130.8000030517578,90221800
2021-01-15,123.42877197265624,127.13999938964844,130.22000122070312,127.0,128.77999877929688,111598500
2021-01-19,124.09861755371094,127.83000183105467,128.7100067138672,126.94000244140624,127.77999877929688,90757300
2021-01-20,128.17601013183594,132.02999877929688,132.49000549316406,128.5500030517578,128.66000366210938,104319500
2021-01-21,132.87472534179688,136.8699951171875,139.6699981689453,133.58999633789062,133.8000030517578,120150900
2021-01-22,135.01052856445312,139.07000732421875,139.85000610351562,135.02000427246094,136.27999877929688,114459400
2021-01-25,138.74813842773438,142.9199981689453,145.08999633789062,136.5399932861328,143.07000732421875,157611700
2021-01-26,138.98114013671875,143.16000366210938,144.3000030517578,141.3699951171875,143.60000610351562,98390600
2021-01-27,137.9132080078125,142.05999755859375,144.3000030517578,140.41000366210938,143.42999267578125,140843800
2021-01-28,133.0883026123047,137.08999633789062,141.99000549316406,136.6999969482422,139.52000427246094,142621100
2021-01-29,128.1080780029297,131.9600067138672,136.74000549316406,130.2100067138672,135.8300018310547,177523800
2021-02-01,130.22442626953125,134.13999938964844,135.3800048828125,130.92999267578125,133.75,106239800
2021-02-02,131.04962158203125,134.99000549316406,136.30999755859375,134.61000061035156,135.72999572753906,83305400
2021-02-03,130.03024291992188,133.94000244140625,135.77000427246094,133.61000061035156,135.75999450683594,89880900
2021-02-04,133.37954711914062,137.38999938964844,137.39999389648438,134.58999633789062,136.3000030517578,84183100
2021-02-05,132.96633911132812,136.75999450683594,137.4199981689453,135.86000061035156,137.35000610351562,75693800
2021-02-08,133.11215209960938,136.91000366210938,136.9600067138672,134.9199981689453,136.02999877929688,71297200
2021-02-09,132.23716735839844,136.00999450683594,137.8800048828125,135.85000610351562,136.6199951171875,76774200
2021-02-10,131.63430786132812,135.38999938964844,136.99000549316406,134.39999389648438,136.47999572753906,73046600
2021-02-11,131.38160705566406,135.1300048828125,136.38999938964844,133.77000427246094,135.89999389648438,64280000
2021-02-12,131.61489868164062,135.3699951171875,135.52999877929688,133.69000244140625,134.35000610351562,60145100
2021-02-16,129.49539184570312,133.19000244140625,136.00999450683594,132.7899932861328,135.49000549316406,80576300
2021-02-17,127.2105712890625,130.83999633789062,132.22000122070312,129.47000122070312,131.25,97918500
2021-02-18,126.11190032958984,129.7100067138672,130.0,127.41000366210938,129.1999969482422,96856700
2021-02-19,126.26746368408205,129.8699951171875,130.7100067138672,128.8000030517578,130.24000549316406,87668800
2021-02-22,122.50481414794922,126.0,129.72000122070312,125.5999984741211,128.00999450683594,103916400
2021-02-23,122.36871337890624,125.86000061035156,126.70999908447266,118.38999938964844,123.76000213623048,158273000
2021-02-24,121.8728485107422,125.3499984741211,125.55999755859376,122.2300033569336,124.94000244140624,111039900
2021-02-25,117.63380432128906,120.98999786376952,126.45999908447266,120.54000091552734,124.68000030517578,148199500
2021-02-26,117.89630126953124,121.26000213623048,124.8499984741211,121.1999969482422,122.58999633789062,164560400
2021-03-01,124.2451629638672,127.79000091552734,127.93000030517578,122.79000091552734,123.75,116307900
2021-03-02,121.64923858642578,125.12000274658205,128.72000122070312,125.01000213623048,128.41000366210938,102260900
2021-03-03,118.6741180419922,122.05999755859376,125.70999908447266,121.83999633789062,124.80999755859376,112966300
2021-03-04,116.79766845703124,120.12999725341795,123.5999984741211,118.62000274658205,121.75,178155000
2021-03-05,118.05187225341795,121.41999816894533,121.94000244140624,117.56999969482422,120.9800033569336,153766600
2021-03-08,113.1322250366211,116.36000061035156,121.0,116.20999908447266,120.93000030517578,154376600
2021-03-09,117.73102569580078,121.08999633789062,122.05999755859376,118.79000091552734,119.02999877929688,129525800
2021-03-10,116.6518096923828,119.9800033569336,122.16999816894533,119.4499969482422,121.69000244140624,111943300
2021-03-11,118.576904296875,121.95999908447266,123.20999908447266,121.26000213623048,122.54000091552734,103026500
2021-03-12,117.67268371582033,121.02999877929688,121.16999816894533,119.16000366210938,120.4000015258789,88105100
2021-03-15,120.55056762695312,123.98999786376952,124.0,120.41999816894533,121.41000366210938,92403800
2021-03-16,122.08673858642578,125.56999969482422,127.22000122070312,124.72000122070312,125.6999969482422,115227900
2021-03-17,121.2992172241211,124.76000213623048,125.86000061035156,122.33999633789062,124.0500030517578,111932600
2021-03-18,117.18656158447266,120.52999877929688,123.18000030517578,120.31999969482422,122.87999725341795,121229700
2021-03-19,116.6615219116211,119.98999786376952,121.43000030517578,119.68000030517578,119.9000015258789,185549500
2021-03-22,119.96723175048828,123.38999938964844,123.87000274658205,120.26000213623048,120.33000183105467,111912300
2021-03-23,119.14080810546876,122.54000091552734,124.23999786376952,122.13999938964844,123.33000183105467,95467100
2021-03-24,116.7587661743164,120.08999633789062,122.9000015258789,120.06999969482422,122.81999969482422,88530500
2021-03-25,117.24491119384766,120.58999633789062,121.66000366210938,119.0,119.54000091552734,98844700
2021-03-26,117.8477020263672,121.20999908447266,121.4800033569336,118.91999816894533,120.3499984741211,94071200
2021-03-29,118.02271270751952,121.38999938964844,122.58000183105467,120.7300033569336,121.6500015258789,80819200
2021-03-30,116.5740203857422,119.9000015258789,120.4000015258789,118.86000061035156,120.11000061035156,85671900
2021-03-31,118.7616195678711,122.1500015258789,123.5199966430664,121.1500015258789,121.6500015258789,118323800
2021-04-01,119.58804321289062,123.0,124.18000030517578,122.48999786376952,123.66000366210938,75089100
2021-04-05,122.4075927734375,125.9000015258789,126.16000366210938,123.06999969482422,123.87000274658205,88651200
2021-04-06,122.70899963378906,126.20999908447266,127.12999725341795,125.6500015258789,126.5,80171300
2021-04-07,124.35211944580078,127.9000015258789,127.91999816894533,125.13999938964844,125.83000183105467,83466700
2021-04-08,126.74386596679688,130.36000061035156,130.38999938964844,128.52000427246094,128.9499969482422,88844600
2021-04-09,129.3106231689453,133.0,133.0399932861328,129.47000122070312,129.8000030517578,106686700
2021-04-12,127.59950256347656,131.24000549316406,132.85000610351562,130.6300048828125,132.52000427246094,91420000
2021-04-13,130.7009735107422,134.42999267578125,134.66000366210938,131.92999267578125,132.44000244140625,91266500
2021-04-14,128.3675537109375,132.02999877929688,135.0,131.66000366210938,134.94000244140625,87222800
2021-04-15,130.76901245117188,134.5,135.0,133.63999938964844,133.82000732421875,89347100
2021-04-16,130.4384765625,134.16000366210938,134.6699981689453,133.27999877929688,134.3000030517578,84922400
2021-04-19,131.09962463378906,134.83999633789062,135.47000122070312,133.33999633789062,133.50999450683594,94264200
2021-04-20,129.41757202148438,133.11000061035156,135.52999877929688,131.80999755859375,135.02000427246094,94812300
2021-04-21,129.79673767089844,133.5,133.75,131.3000030517578,132.36000061035156,68847100
2021-04-22,128.28005981445312,131.94000244140625,134.14999389648438,131.41000366210938,133.0399932861328,84566500
2021-04-23,130.59402465820312,134.32000732421875,135.1199951171875,132.16000366210938,132.16000366210938,78657500
2021-04-26,130.98292541503906,134.72000122070312,135.05999755859375,133.55999755859375,134.8300018310547,66905100
2021-04-27,130.66209411621094,134.38999938964844,135.41000366210938,134.11000061035156,135.00999450683594,66015800
2021-04-28,129.8745574951172,133.5800018310547,135.02000427246094,133.0800018310547,134.30999755859375,107760100
2021-04-29,129.77734375,133.47999572753906,137.07000732421875,132.4499969482422,136.47000122070312,151101000
2021-04-30,127.81336975097656,131.4600067138672,133.55999755859375,131.07000732421875,131.77999877929688,109839500
2021-05-03,128.86341857910156,132.5399932861328,134.07000732421875,131.8300018310547,132.0399932861328,75135100
2021-05-04,124.3035125732422,127.8499984741211,131.49000549316406,126.6999969482422,131.19000244140625,137564700
2021-05-05,124.54655456542967,128.10000610351562,130.4499969482422,127.97000122070312,129.1999969482422,84000900
2021-05-06,126.14107513427734,129.74000549316406,129.75,127.12999725341795,127.88999938964844,78128300
2021-05-07,126.81307983398438,130.2100067138672,131.25999450683594,129.47999572753906,130.85000610351562,78973300
2021-05-10,123.54073333740234,126.8499984741211,129.5399932861328,126.80999755859376,129.41000366210938,88071200
2021-05-11,122.625244140625,125.91000366210938,126.2699966430664,122.7699966430664,123.5,126142800
2021-05-12,119.5671615600586,122.7699966430664,124.63999938964844,122.25,123.4000015258789,112172300
2021-05-13,121.70978546142578,124.97000122070312,126.1500015258789,124.26000213623048,124.58000183105467,105861300
2021-05-14,124.12507629394533,127.4499969482422,127.88999938964844,125.8499984741211,126.25,81918000
2021-05-17,122.97586059570312,126.2699966430664,126.93000030517578,125.16999816894533,126.81999969482422,74244600
2021-05-18,121.5928955078125,124.8499984741211,126.98999786376952,124.77999877929688,126.55999755859376,63342900
2021-05-19,121.43708038330078,124.69000244140624,124.91999816894533,122.86000061035156,123.16000366210938,92612000
2021-05-20,123.98873901367188,127.30999755859376,127.72000122070312,125.0999984741211,125.2300033569336,76857100
2021-05-21,122.15778350830078,125.43000030517578,128.0,125.20999908447266,127.81999969482422,79295400
2021-05-24,123.7842025756836,127.0999984741211,127.94000244140624,125.94000244140624,126.01000213623048,63092900
2021-05-25,123.58943176269533,126.9000015258789,128.32000732421875,126.31999969482422,127.81999969482422,72009500
2021-05-26,123.54073333740234,126.8499984741211,127.38999938964844,126.41999816894533,126.95999908447266,56575900
2021-05-27,122.0116729736328,125.27999877929688,127.63999938964844,125.08000183105467,126.44000244140624,94625600
2021-05-28,121.35916900634766,124.61000061035156,125.8000030517578,124.5500030517578,125.56999969482422,71311100
2021-06-01,121.03777313232422,124.27999877929688,125.3499984741211,123.94000244140624,125.08000183105467,67637100
2021-06-02,121.79741668701172,125.05999755859376,125.23999786376952,124.0500030517578,124.27999877929688,59278900
2021-06-03,120.31707763671876,123.54000091552734,124.8499984741211,123.12999725341795,124.68000030517578,76229200
2021-06-04,122.60577392578124,125.88999938964844,126.16000366210938,123.8499984741211,124.06999969482422,75169300
2021-06-07,122.61551666259766,125.9000015258789,126.31999969482422,124.83000183105467,126.16999816894533,71057600
2021-06-08,123.43360137939452,126.73999786376952,128.4600067138672,126.20999908447266,126.5999984741211,74403800
2021-06-09,123.81343841552734,127.12999725341795,127.75,126.5199966430664,127.20999908447266,56877900
2021-06-10,122.8200225830078,126.11000061035156,128.19000244140625,125.94000244140624,127.0199966430664,71186400
2021-06-11,124.0276870727539,127.3499984741211,127.44000244140624,126.0999984741211,126.52999877929688,53522400
2021-06-14,127.07600402832033,130.47999572753906,130.5399932861328,127.06999969482422,127.81999969482422,96906500
2021-06-15,126.25794219970705,129.63999938964844,130.60000610351562,129.38999938964844,129.94000244140625,62746300
2021-06-16,126.75460052490234,130.14999389648438,130.88999938964844,128.4600067138672,130.3699951171875,91815000
2021-06-17,128.3518829345703,131.7899932861328,132.5500030517578,129.64999389648438,129.8000030517578,96721700
2021-06-18,127.05657196044922,130.4600067138672,131.50999450683594,130.24000549316406,130.7100067138672,108953300
2021-06-21,128.8485565185547,132.3000030517578,132.41000366210938,129.2100067138672,130.3000030517578,79663300
2021-06-22,130.48472595214844,133.97999572753906,134.0800018310547,131.6199951171875,132.1300048828125,74783600
2021-06-23,130.21202087402344,133.6999969482422,134.32000732421875,133.22999572753906,133.77000427246094,60214200
2021-06-24,129.92958068847656,133.41000366210938,134.63999938964844,132.92999267578125,134.4499969482422,68711000
2021-06-25,129.6374053955078,133.11000061035156,133.88999938964844,132.80999755859375,133.4600067138672,70783700
2021-06-28,131.26385498046875,134.77999877929688,135.25,133.35000610351562,133.41000366210938,62111300
2021-06-29,132.77342224121094,136.3300018310547,136.49000549316406,134.35000610351562,134.8000030517578,64556100
2021-06-30,133.3870391845703,136.9600067138672,137.41000366210938,135.8699951171875,136.1699981689453,63261400
2021-07-01,133.6888885498047,137.27000427246094,137.3300018310547,135.75999450683594,136.60000610351562,52485800
2021-07-02,136.30874633789062,139.9600067138672,140.0,137.75,137.89999389648438,78852600
2021-07-06,138.31497192382812,142.02000427246094,143.14999389648438,140.07000732421875,140.07000732421875,108181800
2021-07-07,140.79844665527344,144.57000732421875,144.88999938964844,142.66000366210938,143.5399932861328,104911600
2021-07-08,139.50315856933594,143.24000549316406,144.05999755859375,140.6699981689453,141.5800018310547,105575500
2021-07-09,141.32435607910156,145.11000061035156,145.64999389648438,142.64999389648438,142.75,99890800
2021-07-12,140.73028564453125,144.5,146.32000732421875,144.0,146.2100067138672,76299700
2021-07-13,141.840576171875,145.63999938964844,147.4600067138672,143.6300048828125,144.02999877929688,100827100
2021-07-14,145.25894165039062,149.14999389648438,149.57000732421875,147.67999267578125,148.10000610351562,127050800
2021-07-15,144.60646057128906,148.47999572753906,150.0,147.08999633789062,149.24000549316406,106820300
2021-07-16,142.57095336914062,146.38999938964844,149.75999450683594,145.8800048828125,148.4600067138672,93251400
2021-07-19,138.7337646484375,142.4499969482422,144.07000732421875,141.6699981689453,143.75,121434600
2021-07-20,142.3372344970703,146.14999389648438,147.10000610351562,142.9600067138672,143.4600067138672,96350000
2021-07-21,141.60679626464844,145.39999389648438,146.1300048828125,144.6300048828125,145.52999877929688,74993500
2021-07-22,142.9702606201172,146.8000030517578,148.1999969482422,145.80999755859375,145.94000244140625,77338200
2021-07-23,144.6843719482422,148.55999755859375,148.72000122070312,146.9199981689453,147.5500030517578,71447400
2021-07-26,145.10317993164062,148.99000549316406,149.8300018310547,147.6999969482422,148.27000427246094,72434100
2021-07-27,142.94107055664062,146.77000427246094,149.2100067138672,145.5500030517578,149.1199951171875,104818600
2021-07-28,141.19775390625,144.97999572753906,146.97000122070312,142.5399932861328,144.80999755859375,118931200
2021-07-29,141.840576171875,145.63999938964844,146.5500030517578,144.5800018310547,144.69000244140625,56699500
2021-07-30,142.05479431152344,145.86000061035156,146.3300018310547,144.11000061035156,144.3800048828125,70440600
2021-08-02,141.72366333007812,145.52000427246094,146.9499969482422,145.25,146.36000061035156,62880000
2021-08-03,143.51565551757812,147.36000061035156,148.0399932861328,145.17999267578125,145.80999755859375,64786600
2021-08-04,143.1163787841797,146.9499969482422,147.7899932861328,146.27999877929688,147.27000427246094,56368300
2021-08-05,143.2235107421875,147.05999755859375,147.83999633789062,146.1699981689453,146.97999572753906,46397700
2021-08-06,142.540771484375,146.13999938964844,147.11000061035156,145.6300048828125,146.35000610351562,54126800
2021-08-09,142.49197387695312,146.08999633789062,146.6999969482422,145.52000427246094,146.1999969482422,48908700
2021-08-10,142.0140380859375,145.60000610351562,147.7100067138672,145.3000030517578,146.44000244140625,69023100
2021-08-11,142.26763916015625,145.86000061035156,146.72000122070312,145.52999877929688,146.0500030517578,48493500
2021-08-12,145.22303771972656,148.88999938964844,149.0500030517578,145.83999633789062,146.19000244140625,72282600
2021-08-13,145.4278564453125,149.10000610351562,149.44000244140625,148.27000427246094,148.97000122070312,59375000
2021-08-16,147.3980712890625,151.1199951171875,151.19000244140625,146.47000122070312,148.5399932861328,103296000
2021-08-17,146.49095153808594,150.19000244140625,151.67999267578125,149.08999633789062,150.22999572753906,92229700
2021-08-18,142.75534057617188,146.36000061035156,150.72000122070312,146.14999389648438,149.8000030517578,86326000
2021-08-19,143.0869598388672,146.6999969482422,148.0,144.5,145.02999877929688,86960300
2021-08-20,144.5402374267578,148.19000244140625,148.5,146.77999877929688,147.44000244140625,60549600
2021-08-23,146.02281188964844,149.7100067138672,150.19000244140625,147.88999938964844,148.30999755859375,60131800
2021-08-24,145.93504333496094,149.6199951171875,150.86000061035156,149.14999389648438,149.4499969482422,48606400
2021-08-25,144.7060546875,148.36000061035156,150.32000732421875,147.8000030517578,149.80999755859375,58991300
2021-08-26,143.90626525878906,147.5399932861328,149.1199951171875,147.50999450683594,148.35000610351562,48597200
2021-08-27,144.94015502929688,148.60000610351562,148.75,146.8300018310547,147.47999572753906,55802400
2021-08-30,149.3488311767578,153.1199951171875,153.49000549316406,148.61000061035156,149.0,90956700
2021-08-31,148.09060668945312,151.8300018310547,152.8000030517578,151.2899932861328,152.66000366210938,86453100
2021-09-01,148.75379943847656,152.50999450683594,154.97999572753906,152.33999633789062,152.8300018310547,80313700
2021-09-02,149.8657684326172,153.64999389648438,154.72000122070312,152.39999389648438,153.8699951171875,71115500
2021-09-03,150.49977111816406,154.3000030517578,154.6300048828125,153.08999633789062,153.75999450683594,57808700
2021-09-07,152.83090209960938,156.69000244140625,157.25999450683594,154.38999938964844,154.97000122070312,82278300
2021-09-08,151.289794921875,155.11000061035156,157.0399932861328,153.97999572753906,156.97999572753906,74420200
2021-09-09,150.27542114257812,154.07000732421875,156.11000061035156,153.9499969482422,155.49000549316406,57305700
2021-09-10,145.30104064941406,148.97000122070312,155.47999572753906,148.6999969482422,155.0,140893200
2021-09-13,145.86672973632812,149.5500030517578,151.4199981689453,148.75,150.6300048828125,102404300
2021-09-14,144.47195434570312,148.1199951171875,151.07000732421875,146.91000366210938,150.35000610351562,109296300
2021-09-15,145.35955810546875,149.02999877929688,149.44000244140625,146.3699951171875,148.55999755859375,83281300
2021-09-16,145.12545776367188,148.7899932861328,148.97000122070312,147.22000122070312,148.44000244140625,68034100
2021-09-17,142.46273803710938,146.05999755859375,148.82000732421875,145.75999450683594,148.82000732421875,129868800
2021-09-20,139.41957092285156,142.94000244140625,144.83999633789062,141.27000427246094,143.8000030517578,123478900
2021-09-21,139.89749145507812,143.42999267578125,144.60000610351562,142.77999877929688,143.92999267578125,75834000
2021-09-22,142.25790405273438,145.85000610351562,146.42999267578125,143.6999969482422,144.4499969482422,76404300
2021-09-23,143.21372985839844,146.8300018310547,147.0800018310547,145.63999938964844,146.64999389648438,64838200
2021-09-24,143.30152893066406,146.9199981689453,147.47000122070312,145.55999755859375,145.66000366210938,53477900
2021-09-27,141.7896728515625,145.3699951171875,145.9600067138672,143.82000732421875,145.47000122070312,74150700
2021-09-28,138.41493225097656,141.91000366210938,144.75,141.69000244140625,143.25,108972300
2021-09-29,139.31228637695312,142.8300018310547,144.4499969482422,142.02999877929688,142.47000122070312,74602000
2021-09-30,138.01502990722656,141.5,144.3800048828125,141.27999877929688,143.66000366210938,89056700
2021-10-01,139.13665771484375,142.64999389648438,142.9199981689453,139.11000061035156,141.89999389648438,94639600
2021-10-04,135.713134765625,139.13999938964844,142.2100067138672,138.27000427246094,141.75999450683594,98322000
2021-10-05,137.6345977783203,141.11000061035156,142.24000549316406,139.36000061035156,139.49000549316406,80861100
2021-10-06,138.50270080566406,142.0,142.14999389648438,138.3699951171875,139.47000122070312,83221100
2021-10-07,139.76089477539062,143.2899932861328,144.22000122070312,142.72000122070312,143.05999755859375,61732700
2021-10-08,139.38055419921875,142.89999389648438,144.17999267578125,142.55999755859375,144.02999877929688,58773200
2021-10-11,139.292724609375,142.80999755859375,144.80999755859375,141.80999755859375,142.27000427246094,64452200
2021-10-12,138.0247802734375,141.50999450683594,143.25,141.0399932861328,143.22999572753906,73035900
2021-10-13,137.4395294189453,140.91000366210938,141.39999389648438,139.1999969482422,141.24000549316406,78762700
2021-10-14,140.21929931640625,143.75999450683594,143.8800048828125,141.50999450683594,142.11000061035156,69907100
2021-10-15,141.27276611328125,144.83999633789062,144.89999389648438,143.50999450683594,143.77000427246094,67940300
2021-10-18,142.94065856933594,146.5500030517578,146.83999633789062,143.16000366210938,143.4499969482422,85589200
2021-10-19,145.09620666503906,148.75999450683594,149.1699981689453,146.5500030517578,147.00999450683594,76378900
2021-10-20,145.5839080810547,149.25999450683594,149.75,148.1199951171875,148.6999969482422,58418800
2021-10-21,145.79844665527344,149.47999572753906,149.63999938964844,147.8699951171875,148.80999755859375,61421000
2021-10-22,145.0279083251953,148.69000244140625,150.17999267578125,148.63999938964844,149.69000244140625,58883400
2021-10-25,144.97914123535156,148.63999938964844,149.3699951171875,147.6199951171875,148.67999267578125,50720600
2021-10-26,145.6424560546875,149.32000732421875,150.83999633789062,149.00999450683594,149.3300018310547,60893400
2021-10-27,145.18399047851562,148.85000610351562,149.72999572753906,148.49000549316406,149.36000061035156,56094900
2021-10-28,148.8123779296875,152.57000732421875,153.1699981689453,149.72000122070312,149.82000732421875,100077900
2021-10-29,146.110595703125,149.8000030517578,149.94000244140625,146.41000366210938,147.22000122070312,124953200
2021-11-01,145.2913055419922,148.9600067138672,149.6999969482422,147.8000030517578,148.99000549316406,74588300
2021-11-02,146.32518005371094,150.02000427246094,151.57000732421875,148.64999389648438,148.66000366210938,69122000
2021-11-03,147.75900268554688,151.49000549316406,151.97000122070312,149.82000732421875,150.38999938964844,54511500
2021-11-04,147.24203491210938,150.9600067138672,152.42999267578125,150.63999938964844,151.5800018310547,60394600
2021-11-05,147.76951599121094,151.27999877929688,152.1999969482422,150.05999755859375,151.88999938964844,65463900
2021-11-08,146.94898986816406,150.44000244140625,151.57000732421875,150.16000366210938,151.41000366210938,55020900
2021-11-09,147.31039428710938,150.80999755859375,151.42999267578125,150.05999755859375,150.1999969482422,56787900
2021-11-10,144.4874725341797,147.9199981689453,150.1300048828125,147.85000610351562,150.02000427246094,65187100
2021-11-11,144.43861389160156,147.8699951171875,149.42999267578125,147.67999267578125,148.9600067138672,41000000
2021-11-12,146.50941467285156,149.99000549316406,150.39999389648438,147.47999572753906,148.42999267578125,63804000
2021-11-15,146.51918029785156,150.0,151.8800048828125,149.42999267578125,150.3699951171875,59222800
2021-11-16,147.4959716796875,151.0,151.49000549316406,149.33999633789062,149.94000244140625,59256200
2021-11-17,149.92822265625,153.49000549316406,155.0,150.99000549316406,151.0,88807000
2021-11-18,154.2065887451172,157.8699951171875,158.6699981689453,153.0500030517578,153.7100067138672,137827700
2021-11-19,156.82437133789062,160.5500030517578,161.02000427246094,156.52999877929688,157.64999389648438,117305600
2021-11-22,157.28350830078125,161.02000427246094,165.6999969482422,161.0,161.67999267578125,117467900
2021-11-23,157.6644287109375,161.41000366210938,161.8000030517578,159.05999755859375,161.1199951171875,96041900
2021-11-24,158.18214416503906,161.94000244140625,162.13999938964844,159.63999938964844,160.75,69463600
2021-11-26,153.171142578125,156.80999755859375,160.4499969482422,156.36000061035156,159.57000732421875,76959800
2021-11-29,156.52162170410156,160.24000549316406,161.19000244140625,158.7899932861328,159.3699951171875,88748200
2021-11-30,161.46412658691406,165.3000030517578,165.52000427246094,159.9199981689453,159.99000549316406,174048100
2021-12-01,160.94647216796875,164.77000427246094,170.3000030517578,164.52999877929688,167.47999572753906,152052500
2021-12-02,159.9598846435547,163.75999450683594,164.1999969482422,157.8000030517578,158.74000549316406,136739200
2021-12-03,158.08444213867188,161.83999633789062,164.9600067138672,159.72000122070312,164.02000427246094,118023100
2021-12-06,161.4836883544922,165.32000732421875,167.8800048828125,164.27999877929688,164.2899932861328,107497000
2021-12-07,167.2076873779297,171.17999267578125,171.5800018310547,168.33999633789062,169.0800018310547,120405400
2021-12-08,171.01722717285156,175.0800018310547,175.9600067138672,170.6999969482422,172.1300048828125,116998900
2021-12-09,170.50927734375,174.55999755859375,176.75,173.9199981689453,174.91000366210938,108923700
2021-12-10,175.28582763671875,179.4499969482422,179.6300048828125,174.69000244140625,175.2100067138672,115402700
2021-12-13,171.66189575195312,175.74000549316406,182.1300048828125,175.52999877929688,181.1199951171875,153237000
2021-12-14,170.2846221923828,174.3300018310547,177.74000549316406,172.2100067138672,175.25,139380400
2021-12-15,175.1392822265625,179.3000030517578,179.5,172.30999755859375,175.11000061035156,131063300
2021-12-16,168.26268005371094,172.25999450683594,181.13999938964844,170.75,179.27999877929688,150185800
2021-12-17,167.16867065429688,171.13999938964844,173.47000122070312,169.69000244140625,169.92999267578125,195432700
2021-12-20,165.81088256835938,169.75,170.5800018310547,167.4600067138672,168.27999877929688,107499100
2021-12-21,168.97569274902344,172.99000549316406,173.1999969482422,169.1199951171875,171.55999755859375,91185900
2021-12-22,171.56417846679688,175.63999938964844,175.86000061035156,172.14999389648438,173.0399932861328,92135300
2021-12-23,172.1893768310547,176.27999877929688,176.85000610351562,175.27000427246094,175.85000610351562,68356600
2021-12-27,176.14537048339844,180.3300018310547,180.4199981689453,177.07000732421875,177.08999633789062,74919600
2021-12-28,175.12948608398438,179.2899932861328,181.3300018310547,178.52999877929688,180.16000366210935,79144300
2021-12-29,175.2174530029297,179.3800048828125,180.6300048828125,178.13999938964844,179.3300018310547,62348900
2021-12-30,174.0648193359375,178.1999969482422,180.57000732421875,178.08999633789062,179.47000122070312,59773000
2021-12-31,173.4494171142578,177.57000732421875,179.22999572753906,177.25999450683594,178.08999633789062,64062300
2022-01-03,177.78634643554688,182.00999450683597,182.8800048828125,177.7100067138672,177.8300018310547,104487900
2022-01-04,175.52999877929688,179.6999969482422,182.94000244140625,179.1199951171875,182.6300048828125,99310400
2022-01-05,170.86090087890625,174.9199981689453,180.1699981689453,174.63999938964844,179.61000061035156,94537600
2022-01-06,168.00863647460938,172.0,175.3000030517578,171.63999938964844,172.6999969482422,96904000
2022-01-07,168.17474365234375,172.1699981689453,174.13999938964844,171.02999877929688,172.88999938964844,86709100
2022-01-10,168.1942901611328,172.19000244140625,172.5,168.1699981689453,169.0800018310547,106765600
2022-01-11,171.01722717285156,175.0800018310547,175.17999267578125,170.82000732421875,172.32000732421875,76138300
2022-01-12,171.45675659179688,175.52999877929688,177.17999267578125,174.82000732421875,176.1199951171875,74805200
2022-01-13,168.1942901611328,172.19000244140625,176.6199951171875,171.7899932861328,175.77999877929688,84505800
2022-01-14,169.05386352539062,173.07000732421875,173.77999877929688,171.08999633789062,171.33999633789062,80440800
2022-01-18,165.8597412109375,169.8000030517578,172.5399932861328,169.41000366210938,171.50999450683594,90956700
2022-01-19,162.37255859375,166.22999572753906,171.0800018310547,165.94000244140625,170.0,94815000
2022-01-20,160.6924591064453,164.50999450683594,169.67999267578125,164.17999267578125,166.97999572753906,91420500
2022-01-21,158.64122009277344,162.41000366210938,166.3300018310547,162.3000030517578,164.4199981689453,122848900
2022-01-24,157.86953735351562,161.6199951171875,162.3000030517578,154.6999969482422,160.02000427246094,162294600
2022-01-25,156.07223510742188,159.77999877929688,162.75999450683594,157.02000427246094,158.97999572753906,115798400
2022-01-26,155.98431396484375,159.69000244140625,164.38999938964844,157.82000732421875,163.5,108275300
2022-01-27,155.5252227783203,159.22000122070312,163.83999633789062,158.27999877929688,162.4499969482422,121954600
2022-01-28,166.37744140625,170.3300018310547,170.35000610351562,162.8000030517578,165.7100067138672,179935700
2022-01-31,170.72415161132812,174.77999877929688,175.0,169.50999450683594,170.16000366210938,115541600
2022-02-01,170.55812072753906,174.61000061035156,174.83999633789062,172.30999755859375,174.00999450683594,86213900
2022-02-02,171.75955200195312,175.83999633789062,175.8800048828125,173.3300018310547,174.75,84914300
2022-02-03,168.8877716064453,172.89999389648438,176.24000549316406,172.1199951171875,174.47999572753906,89418100
2022-02-04,168.6041259765625,172.38999938964844,174.10000610351562,170.67999267578125,171.67999267578125,82465400
2022-02-07,167.8902130126953,171.66000366210938,173.9499969482422,170.9499969482422,172.86000061035156,77251200
2022-02-08,170.99058532714844,174.8300018310547,175.35000610351562,171.42999267578125,171.72999572753906,74829200
2022-02-09,172.40872192382812,176.27999877929688,176.64999389648438,174.89999389648438,176.0500030517578,71285000
2022-02-10,168.340087890625,172.1199951171875,175.47999572753906,171.5500030517578,174.13999938964844,90865900
2022-02-11,164.93649291992188,168.63999938964844,173.0800018310547,168.0399932861328,172.3300018310547,98670700
2022-02-14,165.17124938964844,168.8800048828125,169.5800018310547,166.55999755859375,167.3699951171875,86185500
2022-02-15,168.99537658691406,172.7899932861328,172.9499969482422,170.25,170.97000122070312,62527400
2022-02-16,168.7606658935547,172.5500030517578,173.33999633789062,170.0500030517578,171.85000610351562,61177400
2022-02-17,165.17124938964844,168.8800048828125,171.91000366210938,168.47000122070312,171.02999877929688,69589300
2022-02-18,163.6259307861328,167.3000030517578,170.5399932861328,166.19000244140625,169.82000732421875,82772700
2022-02-22,160.71139526367188,164.32000732421875,166.69000244140625,162.14999389648438,164.97999572753906,91162800
2022-02-23,156.55470275878906,160.07000732421875,166.14999389648438,159.75,165.5399932861328,90009200
2022-02-24,159.16607666015625,162.74000549316406,162.85000610351562,152.0,152.5800018310547,141147500
2022-02-25,161.22976684570312,164.85000610351562,165.1199951171875,160.8699951171875,163.83999633789062,91974200
2022-02-28,161.49383544921875,165.1199951171875,165.4199981689453,162.42999267578125,163.05999755859375,95056600
2022-03-01,159.61599731445312,163.1999969482422,166.60000610351562,161.97000122070312,164.6999969482422,83474400
2022-03-02,162.90220642089844,166.55999755859375,167.36000061035156,162.9499969482422,164.38999938964844,79724800
2022-03-03,162.5794219970703,166.22999572753906,168.91000366210938,165.5500030517578,168.47000122070312,76678400
2022-03-04,159.5866241455078,163.1699981689453,165.5500030517578,162.10000610351562,164.49000549316406,83737200
2022-03-07,155.80166625976562,159.3000030517578,165.02000427246094,159.0399932861328,163.36000061035156,96418800
2022-03-08,153.9824981689453,157.44000244140625,162.8800048828125,155.8000030517578,158.82000732421875,131148300
2022-03-09,159.37147521972656,162.9499969482422,163.41000366210938,159.41000366210938,161.47999572753906,91454900
2022-03-10,155.03875732421875,158.52000427246094,160.38999938964844,155.97999572753906,160.1999969482422,105342000
2022-03-11,151.3319854736328,154.72999572753906,159.27999877929688,154.5,158.92999267578125,96970100
2022-03-14,147.31224060058594,150.6199951171875,154.1199951171875,150.10000610351562,151.4499969482422,108732100
2022-03-15,151.68408203125,155.08999633789062,155.57000732421875,150.3800048828125,150.89999389648438,92964300
2022-03-16,156.08526611328125,159.58999633789062,160.0,154.4600067138672,157.0500030517578,102300200
2022-03-17,157.0926513671875,160.6199951171875,161.0,157.6300048828125,158.61000061035156,75615400
2022-03-18,160.37884521484375,163.97999572753906,164.47999572753906,159.75999450683594,160.50999450683594,123511700
2022-03-21,161.7480926513672,165.3800048828125,166.35000610351562,163.00999450683594,163.50999450683594,95811400
2022-03-22,165.11256408691406,168.82000732421875,169.4199981689453,164.91000366210938,165.50999450683594,81532000
2022-03-23,166.47203063964844,170.2100067138672,172.63999938964844,167.64999389648438,167.99000549316406,98062700
2022-03-24,170.24729919433594,174.07000732421875,174.13999938964844,170.2100067138672,171.05999755859375,90131400
2022-03-25,170.8830108642578,174.72000122070312,175.27999877929688,172.75,173.8800048828125,80546200
2022-03-28,171.7436981201172,175.60000610351562,175.72999572753906,172.0,172.1699981689453,90371900
2022-03-29,175.02992248535156,178.9600067138672,179.00999450683594,176.33999633789062,176.69000244140625,100589400
2022-03-30,173.8660430908203,177.77000427246094,179.61000061035156,176.6999969482422,178.5500030517578,92633200
2022-03-31,170.77542114257812,174.61000061035156,178.02999877929688,174.39999389648438,177.83999633789062,103049300
2022-04-01,170.4820098876953,174.30999755859375,174.8800048828125,171.94000244140625,174.02999877929688,78751300
2022-04-04,174.5212860107422,178.44000244140625,178.49000549316406,174.44000244140625,174.57000732421875,76468400
2022-04-05,171.2154998779297,175.05999755859375,178.3000030517578,174.4199981689453,177.5,73401800
2022-04-06,168.0564422607422,171.8300018310547,173.6300048828125,170.1300048828125,172.36000061035156,89058800
2022-04-07,168.35964965820312,172.13999938964844,173.36000061035156,169.85000610351562,171.16000366210938,77594700
2022-04-08,166.35467529296875,170.08999633789062,171.77999877929688,169.1999969482422,171.77999877929688,76575500
2022-04-11,162.1099853515625,165.75,169.02999877929688,165.5,168.7100067138672,72246700
2022-04-12,163.97805786132812,167.66000366210938,169.8699951171875,166.63999938964844,168.02000427246094,79265200
2022-04-13,166.6578826904297,170.39999389648438,171.0399932861328,166.77000427246094,167.38999938964844,70618900
2022-04-14,161.66006469726562,165.2899932861328,171.27000427246094,165.0399932861328,170.6199951171875,75329400
2022-04-18,161.44493103027344,165.07000732421875,166.60000610351562,163.57000732421875,163.9199981689453,69023900
2022-04-19,163.7237548828125,167.39999389648438,167.82000732421875,163.91000366210938,165.02000427246094,67723800
2022-04-20,163.5574951171875,167.22999572753906,168.8800048828125,166.10000610351562,168.75999450683594,67929800
2022-04-21,162.76527404785156,166.4199981689453,171.52999877929688,165.91000366210938,168.91000366210938,87227800
2022-04-22,158.23695373535156,161.7899932861328,167.8699951171875,161.5,166.4600067138672,84882400
2022-04-25,159.30300903320312,162.8800048828125,163.1699981689453,158.4600067138672,161.1199951171875,96046400
2022-04-26,153.35655212402344,156.8000030517578,162.33999633789062,156.72000122070312,162.25,95623200
2022-04-27,153.13160705566406,156.57000732421875,159.7899932861328,155.3800048828125,155.91000366210938,88063200
2022-04-28,160.04632568359375,163.63999938964844,164.52000427246094,158.92999267578125,159.25,130216800
2022-04-29,154.1878662109375,157.64999389648438,166.1999969482422,157.25,161.83999633789062,131747600
2022-05-02,154.49105834960938,157.9600067138672,158.22999572753906,153.27000427246094,156.7100067138672,123055300
2022-05-03,155.9776611328125,159.47999572753906,160.7100067138672,156.32000732421875,158.14999389648438,88966500
2022-05-04,162.37405395507812,166.02000427246094,166.47999572753906,159.25999450683594,159.6699981689453,108256500
2022-05-05,153.32720947265625,156.77000427246094,164.0800018310547,154.9499969482422,163.85000610351562,130525300
2022-05-06,154.052001953125,157.27999877929688,159.44000244140625,154.17999267578125,156.00999450683594,116124600
2022-05-09,148.93914794921875,152.05999755859375,155.8300018310547,151.49000549316406,154.92999267578125,131577900
2022-05-10,151.3388671875,154.50999450683594,156.74000549316406,152.92999267578125,155.52000427246094,115366700
2022-05-11,143.49322509765625,146.5,155.4499969482422,145.80999755859375,153.5,142689800
2022-05-12,139.63412475585938,142.55999755859375,146.1999969482422,138.8000030517578,142.77000427246094,182602000
2022-05-13,144.09071350097656,147.11000061035156,148.10000610351562,143.11000061035156,144.58999633789062,113990900
2022-05-16,142.5529327392578,145.5399932861328,147.52000427246094,144.17999267578125,145.5500030517578,86643800
2022-05-17,146.17701721191406,149.24000549316406,149.77000427246094,146.67999267578125,148.86000061035156,78336300
2022-05-18,137.9298553466797,140.82000732421875,147.36000061035156,139.89999389648438,146.85000610351562,109742900
2022-05-19,134.5310516357422,137.35000610351562,141.66000366210938,136.60000610351562,139.8800048828125,136095600
2022-05-20,134.76611328125,137.58999633789062,140.6999969482422,132.61000061035156,139.08999633789062,137426100
2022-05-23,140.1728515625,143.11000061035156,143.25999450683594,137.64999389648438,137.7899932861328,117726300
2022-05-24,137.4792938232422,140.36000061035156,141.97000122070312,137.3300018310547,140.80999755859375,104132700
2022-05-25,137.63601684570312,140.52000427246094,141.7899932861328,138.33999633789062,138.42999267578125,92482700
2022-05-26,140.82907104492188,143.77999877929688,144.33999633789062,137.13999938964844,137.38999938964844,90601500
2022-05-27,146.56883239746094,149.63999938964844,149.67999267578125,145.25999450683594,145.38999938964844,90978500
2022-05-31,145.78518676757812,148.83999633789062,150.66000366210938,146.83999633789062,149.07000732421875,103718400
2022-06-01,145.6578826904297,148.7100067138672,151.74000549316406,147.67999267578125,149.89999389648438,74286600
2022-06-02,148.1065673828125,151.2100067138672,151.27000427246094,146.86000061035156,147.8300018310547,72348100
2022-06-03,142.39627075195312,145.3800048828125,147.97000122070312,144.4600067138672,146.89999389648438,88570300
2022-06-06,143.1406707763672,146.13999938964844,148.57000732421875,144.89999389648438,147.02999877929688,71598400
2022-06-07,145.6578826904297,148.7100067138672,149.0,144.10000610351562,144.35000610351562,67808200
2022-06-08,144.92327880859375,147.9600067138672,149.8699951171875,147.4600067138672,148.5800018310547,53950200
2022-06-09,139.71249389648438,142.63999938964844,147.9499969482422,142.52999877929688,147.0800018310547,69473000
2022-06-10,134.3155517578125,137.1300048828125,140.75999450683594,137.05999755859375,140.27999877929688,91437900
2022-06-13,129.17333984375,131.8800048828125,135.1999969482422,131.44000244140625,132.8699951171875,122207100
2022-06-14,130.03521728515625,132.75999450683594,133.88999938964844,131.47999572753906,133.1300048828125,84784300
2022-06-15,132.6504364013672,135.42999267578125,137.33999633789062,132.16000366210938,134.2899932861328,91533000
2022-06-16,127.39066314697266,130.05999755859375,132.38999938964844,129.0399932861328,132.0800018310547,108123900
2022-06-17,128.8599090576172,131.55999755859375,133.0800018310547,129.80999755859375,130.07000732421875,134520300
2022-06-21,133.08143615722656,135.8699951171875,137.05999755859375,133.32000732421875,133.4199981689453,81000500
2022-06-22,132.57211303710938,135.35000610351562,137.75999450683594,133.91000366210938,134.7899932861328,73409200
2022-06-23,135.4321746826172,138.27000427246094,138.58999633789062,135.6300048828125,136.82000732421875,72433800
2022-06-24,138.7525634765625,141.66000366210938,141.91000366210938,139.77000427246094,139.89999389648438,89116800
2022-06-27,138.7525634765625,141.66000366210938,143.49000549316406,140.97000122070312,142.6999969482422,70207900
2022-06-28,134.61923217773438,137.44000244140625,143.4199981689453,137.32000732421875,142.1300048828125,67083400
2022-06-29,136.3724365234375,139.22999572753906,140.6699981689453,136.6699981689453,137.4600067138672,66242400
2022-06-30,133.9139862060547,136.72000122070312,138.3699951171875,133.77000427246094,137.25,98964500
2022-07-01,136.07862854003906,138.92999267578125,139.0399932861328,135.66000366210938,136.0399932861328,71051600
2022-07-05,138.65467834472656,141.55999755859375,141.61000061035156,136.92999267578125,137.77000427246094,73353800
2022-07-06,139.9867401123047,142.9199981689453,144.1199951171875,141.0800018310547,141.35000610351562,74064300
2022-07-07,143.34632873535156,146.35000610351562,146.5500030517578,143.27999877929688,143.2899932861328,66253700
2022-07-08,144.02215576171875,147.0399932861328,147.5500030517578,145.0,145.25999450683594,64547800
2022-07-11,141.896728515625,144.8699951171875,146.63999938964844,143.77999877929688,145.6699981689453,63141600
2022-07-12,142.8664093017578,145.86000061035156,148.4499969482422,145.0500030517578,145.75999450683594,77588800
2022-07-13,142.50399780273438,145.49000549316406,146.4499969482422,142.1199951171875,142.99000549316406,71185600
2022-07-14,145.42283630371094,148.47000122070312,148.9499969482422,143.25,144.0800018310547,78140700
2022-07-15,147.0879364013672,150.1699981689453,150.86000061035156,148.1999969482422,149.77999877929688,76259900
2022-07-18,144.05157470703125,147.07000732421875,151.57000732421875,146.6999969482422,150.74000549316406,81420900
2022-07-19,147.90090942382812,151.0,151.22999572753906,146.91000366210938,147.9199981689453,82982400
2022-07-20,149.89903259277344,153.0399932861328,153.72000122070312,150.3699951171875,151.1199951171875,64823400
2022-07-21,152.16160583496094,155.35000610351562,155.57000732421875,151.94000244140625,154.5,65086600
2022-07-22,150.9274444580078,154.08999633789062,156.27999877929688,153.41000366210938,155.38999938964844,66675400
2022-07-25,149.81085205078125,152.9499969482422,155.0399932861328,152.27999877929688,154.00999450683594,53623900
2022-07-26,148.48858642578125,151.60000610351562,153.08999633789062,150.8000030517578,152.25999450683594,55138700
2022-07-27,153.57203674316406,156.7899932861328,157.3300018310547,152.16000366210938,152.5800018310547,78620700
2022-07-28,154.12054443359375,157.35000610351562,157.63999938964844,154.41000366210938,156.97999572753906,81378700
2022-07-29,159.17466735839844,162.50999450683594,163.6300048828125,159.5,161.24000549316406,101786900
2022-08-01,158.19522094726562,161.50999450683594,163.58999633789062,160.88999938964844,161.00999450683594,67829400
2022-08-02,156.72596740722656,160.00999450683594,162.41000366210938,159.6300048828125,160.10000610351562,59907000
2022-08-03,162.72036743164062,166.1300048828125,166.58999633789062,160.75,160.83999633789062,82507500
2022-08-04,162.4069061279297,165.80999755859375,167.19000244140625,164.42999267578125,166.00999450683594,55474100
2022-08-05,162.1813507080078,165.35000610351562,165.85000610351562,163.0,163.2100067138672,56697000
2022-08-08,161.71054077148438,164.8699951171875,167.80999755859375,164.1999969482422,166.3699951171875,60276900
2022-08-09,161.7595977783203,164.9199981689453,165.82000732421875,163.25,164.02000427246094,63135500
2022-08-10,165.99679565429688,169.24000549316406,169.33999633789062,166.89999389648438,167.67999267578125,70170500
2022-08-11,165.26116943359375,168.49000549316406,170.99000549316406,168.19000244140625,170.05999755859375,57149200
2022-08-12,168.802001953125,172.10000610351562,172.1699981689453,169.39999389648438,169.82000732421875,68039400
2022-08-15,169.87110900878906,173.19000244140625,173.38999938964844,171.35000610351562,171.52000427246094,54091700
2022-08-16,169.71417236328125,173.02999877929688,173.7100067138672,171.66000366210938,172.77999877929688,56377100
2022-08-17,171.20504760742188,174.5500030517578,176.14999389648438,172.57000732421875,172.77000427246094,79542000
2022-08-18,170.81268310546875,174.14999389648438,174.89999389648438,173.1199951171875,173.75,62290100
2022-08-19,168.23309326171875,171.52000427246094,173.74000549316406,171.30999755859375,173.02999877929688,70346300
2022-08-22,164.3588104248047,167.57000732421875,169.86000061035156,167.13999938964844,169.69000244140625,69026800
2022-08-23,164.02529907226562,167.22999572753906,168.7100067138672,166.64999389648438,167.0800018310547,54147100
2022-08-24,164.319580078125,167.52999877929688,168.11000061035156,166.25,167.32000732421875,53841500
2022-08-25,166.77163696289062,170.02999877929688,170.13999938964844,168.35000610351562,168.77999877929688,51218200
2022-08-26,160.48451232910156,163.6199951171875,171.0500030517578,163.55999755859375,170.57000732421875,78961000
2022-08-29,158.2874298095703,161.3800048828125,162.89999389648438,159.82000732421875,161.14999389648438,73314000
2022-08-30,155.86474609375,158.91000366210938,162.55999755859375,157.72000122070312,162.1300048828125,77906200
2022-08-31,154.20713806152344,157.22000122070312,160.5800018310547,157.13999938964844,160.30999755859375,87991100
2022-09-01,154.93299865722656,157.9600067138672,158.4199981689453,154.6699981689453,156.63999938964844,74229900
2022-09-02,152.8241729736328,155.80999755859375,160.36000061035156,154.97000122070312,159.75,76957800
2022-09-06,151.56866455078125,154.52999877929688,157.08999633789062,153.69000244140625,156.47000122070312,73714800
2022-09-07,152.97129821777344,155.9600067138672,156.6699981689453,153.61000061035156,154.82000732421875,87449600
2022-09-08,151.5000457763672,154.4600067138672,156.36000061035156,152.67999267578125,154.63999938964844,84923800
2022-09-09,154.35427856445312,157.3699951171875,157.82000732421875,154.75,155.47000122070312,68028800
2022-09-12,160.2981719970703,163.42999267578125,164.25999450683594,159.3000030517578,159.58999633789062,104956000
2022-09-13,150.89190673828125,153.83999633789062,160.5399932861328,153.3699951171875,159.89999389648438,122656600
2022-09-14,152.33375549316406,155.30999755859375,157.10000610351562,153.61000061035156,154.7899932861328,87965400
2022-09-15,149.4500732421875,152.3699951171875,155.24000549316406,151.3800048828125,154.64999389648438,90481100
2022-09-16,147.8120574951172,150.6999969482422,151.35000610351562,148.3699951171875,151.2100067138672,162278800
2022-09-19,151.5196533203125,154.47999572753906,154.55999755859375,149.10000610351562,149.30999755859375,81474200
2022-09-20,153.89328002929688,156.89999389648438,158.0800018310547,153.0800018310547,153.39999389648438,107689800
2022-09-21,150.77420043945312,153.72000122070312,158.74000549316406,153.60000610351562,157.33999633789062,101696800
2022-09-22,149.81300354003906,152.74000549316406,154.47000122070312,150.91000366210938,152.3800048828125,86652500
2022-09-23,147.54727172851562,150.42999267578125,151.47000122070312,148.55999755859375,151.19000244140625,96029900
2022-09-26,147.88072204589844,150.77000427246094,153.77000427246094,149.63999938964844,149.66000366210938,93339400
2022-09-27,148.8517303466797,151.75999450683594,154.72000122070312,149.9499969482422,152.74000549316406,84442700
2022-09-28,146.96856689453125,149.83999633789062,150.63999938964844,144.83999633789062,147.63999938964844,146691400
2022-09-29,139.74961853027344,142.47999572753906,146.72000122070312,140.67999267578125,146.10000610351562,128138200
2022-09-30,135.55162048339844,138.1999969482422,143.10000610351562,138.0,141.27999877929688,124925300
2022-10-03,139.7201690673828,142.4499969482422,143.07000732421875,137.69000244140625,138.2100067138672,114311700
2022-10-04,143.30026245117188,146.10000610351562,146.22000122070312,144.25999450683594,145.02999877929688,87830100
2022-10-05,143.59449768066406,146.39999389648438,147.3800048828125,143.00999450683594,144.07000732421875,79471000
2022-10-06,142.64305114746094,145.42999267578125,147.5399932861328,145.22000122070312,145.80999755859375,68402200
2022-10-07,137.40542602539062,140.08999633789062,143.10000610351562,139.4499969482422,142.5399932861328,85925600
2022-10-10,137.72909545898438,140.4199981689453,141.88999938964844,138.57000732421875,140.4199981689453,74899000
2022-10-11,136.3166961669922,138.97999572753906,141.35000610351562,138.22000122070312,139.89999389648438,77033700
2022-10-12,135.68896484375,138.33999633789062,140.36000061035156,138.16000366210938,139.1300048828125,70433700
2022-10-13,140.2498321533203,142.99000549316406,143.58999633789062,134.3699951171875,134.99000549316406,113224000
2022-10-14,135.7281951904297,138.3800048828125,144.52000427246094,138.19000244140625,144.30999755859375,88598000
2022-10-17,139.6809844970703,142.41000366210938,142.89999389648438,140.27000427246094,141.07000732421875,85250900
2022-10-18,140.99525451660156,143.75,146.6999969482422,140.61000061035156,145.49000549316406,99136600
2022-10-19,141.10316467285156,143.86000061035156,144.9499969482422,141.5,141.69000244140625,61758300
2022-10-20,140.64218139648438,143.38999938964844,145.88999938964844,142.64999389648438,143.02000427246094,64522000
2022-10-21,144.44784545898438,147.27000427246094,147.85000610351562,142.64999389648438,142.8699951171875,86548600
2022-10-24,146.58604431152344,149.4499969482422,150.22999572753906,146.0,147.19000244140625,75981900
2022-10-25,149.42066955566406,152.33999633789062,152.49000549316406,149.36000061035156,150.08999633789062,74732300
2022-10-26,146.4879608154297,149.35000610351562,151.99000549316406,148.0399932861328,150.9600067138672,88194300
2022-10-27,142.025146484375,144.8000030517578,149.0500030517578,144.1300048828125,148.07000732421875,109180200
2022-10-28,152.75552368164062,155.74000549316406,157.5,147.82000732421875,148.1999969482422,164762400
2022-10-31,150.40150451660156,153.33999633789062,154.24000549316406,151.9199981689453,153.16000366210938,97943200
2022-11-01,147.7630615234375,150.64999389648438,155.4499969482422,149.1300048828125,155.0800018310547,80379300
2022-11-02,142.25071716308594,145.02999877929688,152.1699981689453,145.0,148.9499969482422,93604600
2022-11-03,136.2185821533203,138.8800048828125,142.8000030517578,138.75,142.05999755859375,97918500
2022-11-04,135.95335388183594,138.3800048828125,142.6699981689453,134.3800048828125,142.08999633789062,140814800
2022-11-07,136.48387145996094,138.9199981689453,139.14999389648438,135.6699981689453,137.11000061035156,83374600
2022-11-08,137.05368041992188,139.5,141.42999267578125,137.49000549316406,140.41000366210938,89908500
2022-11-09,132.50491333007812,134.8699951171875,138.5500030517578,134.58999633789062,138.5,74917800
2022-11-10,144.2944793701172,146.8699951171875,146.8699951171875,139.5,141.24000549316406,118854000
2022-11-11,147.07481384277344,149.6999969482422,150.00999450683594,144.3699951171875,145.82000732421875,93979700
2022-11-14,145.6796875,148.27999877929688,150.27999877929688,147.42999267578125,148.97000122070312,73374100
2022-11-15,147.40884399414062,150.0399932861328,153.58999633789062,148.55999755859375,152.22000122070312,89868300
2022-11-16,146.1807861328125,148.7899932861328,149.8699951171875,147.2899932861328,149.1300048828125,64218300
2022-11-17,148.07693481445312,150.72000122070312,151.47999572753906,146.14999389648438,146.42999267578125,80389400
2022-11-18,148.6369171142578,151.2899932861328,152.6999969482422,149.97000122070312,152.30999755859375,74829600
2022-11-21,145.41448974609375,148.00999450683594,150.3699951171875,147.72000122070312,150.16000366210938,58724100
2022-11-22,147.54637145996094,150.17999267578125,150.4199981689453,146.92999267578125,148.1300048828125,51804100
2022-11-23,148.4208221435547,151.07000732421875,151.8300018310547,149.33999633789062,149.4499969482422,58301400
2022-11-25,145.51271057128906,148.11000061035156,148.8800048828125,147.1199951171875,148.30999755859375,35195900
2022-11-28,141.69090270996094,144.22000122070312,146.63999938964844,143.3800048828125,145.13999938964844,69246000
2022-11-29,138.69439697265625,141.1699981689453,144.80999755859375,140.35000610351562,144.2899932861328,83763800
2022-11-30,145.43411254882812,148.02999877929688,148.72000122070312,140.5500030517578,141.39999389648438,111380900
2022-12-01,145.70921325683594,148.30999755859375,149.1300048828125,146.61000061035156,148.2100067138672,71250400
2022-12-02,145.2179412841797,147.80999755859375,148.0,145.64999389648438,145.9600067138672,65447400
2022-12-05,144.0586700439453,146.6300048828125,150.9199981689453,145.77000427246094,147.77000427246094,68826400
2022-12-06,140.4038848876953,142.91000366210938,147.3000030517578,141.9199981689453,147.07000732421875,64727200
2022-12-07,138.4684600830078,140.94000244140625,143.3699951171875,140.0,142.19000244140625,69721100
2022-12-08,140.14845275878906,142.64999389648438,143.52000427246094,141.10000610351562,142.36000061035156,62128300
2022-12-09,139.66702270507812,142.16000366210938,145.57000732421875,140.89999389648438,142.33999633789062,76097000
2022-12-12,141.95616149902344,144.49000549316406,144.5,141.05999755859375,142.6999969482422,70462700
2022-12-13,142.9190216064453,145.47000122070312,149.97000122070312,144.24000549316406,149.5,93886200
2022-12-14,140.69863891601562,143.2100067138672,146.66000366210938,141.16000366210938,145.35000610351562,82291200
2022-12-15,134.1063232421875,136.5,141.8000030517578,136.02999877929688,141.11000061035156,98931900
2022-12-16,132.15121459960938,134.50999450683594,137.64999389648438,133.72999572753906,136.69000244140625,160156900
2022-12-19,130.0487060546875,132.3699951171875,135.1999969482422,131.32000732421875,135.11000061035156,79592600
2022-12-20,129.97998046875,132.3000030517578,133.25,129.88999938964844,131.38999938964844,77432800
2022-12-21,133.07472229003906,135.4499969482422,136.80999755859375,132.75,132.97999572753906,85928000
2022-12-22,129.9111785888672,132.22999572753906,134.55999755859375,130.3000030517578,134.35000610351562,77852100
2022-12-23,129.5476837158203,131.86000061035156,132.4199981689453,129.63999938964844,130.9199981689453,63814900
2022-12-27,127.74978637695312,130.02999877929688,131.41000366210938,128.72000122070312,131.3800048828125,69007800
2022-12-28,123.82974243164062,126.04000091552734,131.02999877929688,125.87000274658205,129.6699981689453,85438400
2022-12-29,127.33708953857422,129.61000061035156,130.47999572753906,127.7300033569336,127.98999786376952,75703700
2022-12-30,127.65147399902344,129.92999267578125,129.9499969482422,127.43000030517578,128.41000366210938,77034200
2023-01-03,122.8767318725586,125.06999969482422,130.89999389648438,124.16999816894533,130.27999877929688,112117500
2023-01-04,124.14413452148438,126.36000061035156,128.66000366210938,125.08000183105467,126.88999938964844,89113600
2023-01-05,122.8276138305664,125.0199966430664,127.7699966430664,124.76000213623048,127.12999725341795,80962700
2023-01-06,127.34693908691406,129.6199951171875,130.2899932861328,124.88999938964844,126.01000213623048,87754700
2023-01-09,127.86763763427734,130.14999389648438,133.41000366210938,129.88999938964844,130.47000122070312,70790800
2023-01-10,128.43748474121094,130.72999572753906,131.25999450683594,128.1199951171875,130.25999450683594,63896200
2023-01-11,131.1490936279297,133.49000549316406,133.50999450683594,130.4600067138672,131.25,69458900
2023-01-12,131.07049560546875,133.41000366210938,134.25999450683594,131.44000244140625,133.8800048828125,71379600
2023-01-13,132.3968048095703,134.75999450683594,134.9199981689453,131.66000366210938,132.02999877929688,57809700
2023-01-17,133.5561065673828,135.94000244140625,137.2899932861328,134.1300048828125,134.8300018310547,63646600
2023-01-18,132.8389129638672,135.2100067138672,138.61000061035156,135.02999877929688,136.82000732421875,69672800
2023-01-19,132.89784240722656,135.27000427246094,136.25,133.77000427246094,134.0800018310547,58280400
2023-01-20,135.45230102539062,137.8699951171875,138.02000427246094,134.22000122070312,135.27999877929688,80223600
2023-01-23,138.63548278808594,141.11000061035156,143.32000732421875,137.89999389648438,138.1199951171875,81760300
2023-01-24,140.0305633544922,142.52999877929688,143.16000366210938,140.3000030517578,140.30999755859375,66435100
2023-01-25,139.3722686767578,141.86000061035156,142.42999267578125,138.80999755859375,140.88999938964844,65799300
2023-01-26,141.4355010986328,143.9600067138672,144.25,141.89999389648438,143.1699981689453,54105100
2023-01-27,143.3709259033203,145.92999267578125,147.22999572753906,143.0800018310547,143.16000366210938,70555800
2023-01-30,140.4923095703125,143.0,145.5500030517578,142.85000610351562,144.9600067138672,64015300
2023-01-31,141.75965881347656,144.2899932861328,144.33999633789062,142.27999877929688,142.6999969482422,65874500
2023-02-01,142.8796844482422,145.42999267578125,146.61000061035156,141.32000732421875,143.97000122070312,77663600
2023-02-02,148.17520141601562,150.82000732421875,151.17999267578125,148.1699981689453,148.89999389648438,118339000
2023-02-03,151.7906494140625,154.5,157.3800048828125,147.8300018310547,148.02999877929688,154357300
2023-02-06,149.0692138671875,151.72999572753906,153.10000610351562,150.77999877929688,152.57000732421875,69858300
2023-02-07,151.93798828125,154.64999389648438,155.22999572753906,150.63999938964844,150.63999938964844,83322600
2023-02-08,149.2559051513672,151.9199981689453,154.5800018310547,151.1699981689453,153.8800048828125,64120100
2023-02-09,148.2242889404297,150.8699951171875,154.3300018310547,150.4199981689453,153.77999877929688,56007100
2023-02-10,148.58837890625,151.00999450683594,151.33999633789062,149.22000122070312,149.4600067138672,57450700
2023-02-13,151.38284301757812,153.85000610351562,154.25999450683594,150.9199981689453,150.9499969482422,62199000
2023-02-14,150.74325561523438,153.1999969482422,153.77000427246094,150.86000061035156,152.1199951171875,61707600
2023-02-15,152.83909606933594,155.3300018310547,155.5,152.8800048828125,153.11000061035156,65573800
2023-02-16,151.24510192871094,153.7100067138672,156.3300018310547,153.35000610351562,153.50999450683594,68167900
2023-02-17,150.10366821289062,152.5500030517578,153.0,150.85000610351562,152.35000610351562,59144100
2023-02-21,146.09893798828125,148.47999572753906,151.3000030517578,148.41000366210938,150.1999969482422,58867200
2023-02-22,146.52203369140625,148.91000366210938,149.9499969482422,147.16000366210938,148.8699951171875,51011300
2023-02-23,147.0041961669922,149.39999389648438,150.33999633789062,147.24000549316406,150.08999633789062,48394200
2023-02-24,144.3573455810547,146.7100067138672,147.19000244140625,145.72000122070312,147.11000061035156,55469600
2023-02-27,145.54788208007812,147.9199981689453,149.1699981689453,147.4499969482422,147.7100067138672,44998500
2023-02-28,145.04615783691406,147.41000366210938,149.0800018310547,146.8300018310547,147.0500030517578,50547000
2023-03-01,142.9797821044922,145.30999755859375,147.22999572753906,145.00999450683594,146.8300018310547,55479000
2023-03-02,143.57015991210938,145.91000366210938,146.7100067138672,143.89999389648438,144.3800048828125,52238100
2023-03-03,148.60804748535156,151.02999877929688,151.11000061035156,147.3300018310547,148.0399932861328,70732300
2023-03-06,151.36314392089844,153.8300018310547,156.3000030517578,153.4600067138672,153.7899932861328,87558000
2023-03-07,149.16891479492188,151.60000610351562,154.02999877929688,151.1300048828125,153.6999969482422,56182000
2023-03-08,150.4185333251953,152.8699951171875,153.47000122070312,151.8300018310547,152.80999755859375,47204800
2023-03-09,148.1750946044922,150.58999633789062,154.5399932861328,150.22999572753906,153.55999755859375,53833600
2023-03-10,146.11863708496094,148.5,150.94000244140625,147.61000061035156,150.2100067138672,68572400
2023-03-13,148.05706787109375,150.47000122070312,153.13999938964844,147.6999969482422,147.80999755859375,84457100
2023-03-14,150.1430206298828,152.58999633789062,153.39999389648438,150.10000610351562,151.27999877929688,73695900
2023-03-15,150.53665161132812,152.99000549316406,153.25,149.9199981689453,151.19000244140625,77167900
2023-03-16,153.35073852539062,155.85000610351562,156.4600067138672,151.63999938964844,152.16000366210938,76161100
2023-03-17,152.514404296875,155.0,156.74000549316406,154.27999877929688,156.0800018310547,98944600
2023-03-20,154.8759002685547,157.39999389648438,157.82000732421875,154.14999389648438,155.07000732421875,73641400
2023-03-21,156.72573852539062,159.27999877929688,159.39999389648438,156.5399932861328,157.32000732421875,73938300
2023-03-22,155.29904174804688,157.8300018310547,162.13999938964844,157.80999755859375,159.3000030517578,75701800
2023-03-23,156.38136291503906,158.92999267578125,161.5500030517578,157.67999267578125,158.8300018310547,67622100
2023-03-24,157.68020629882812,160.25,160.33999633789062,157.85000610351562,158.86000061035156,59196500
2023-03-27,155.7417755126953,158.27999877929688,160.77000427246094,157.8699951171875,159.94000244140625,52390300
2023-03-28,155.12191772460938,157.64999389648438,158.49000549316406,155.97999572753906,157.97000122070312,45992200
2023-03-29,158.19186401367188,160.77000427246094,161.0500030517578,159.35000610351562,159.3699951171875,51305700
2023-03-30,159.75636291503906,162.36000061035156,162.47000122070312,161.27000427246094,161.52999877929688,49501700
2023-03-31,162.25563049316406,164.89999389648438,165.0,161.91000366210938,162.44000244140625,68749800
2023-04-03,163.50526428222656,166.1699981689453,166.2899932861328,164.22000122070312,164.27000427246094,56976200
2023-04-04,162.9739227294922,165.6300048828125,166.83999633789062,165.11000061035156,166.60000610351562,46278300
2023-04-05,161.13389587402344,163.75999450683594,165.0500030517578,161.8000030517578,164.74000549316406,51511700
2023-04-06,162.0194854736328,164.66000366210938,164.9600067138672,162.0,162.42999267578125,45390100
2023-04-10,159.431640625,162.02999877929688,162.02999877929688,160.0800018310547,161.4199981689453,47716900
2023-04-11,158.2213897705078,160.8000030517578,162.36000061035156,160.50999450683594,162.35000610351562,47644200
2023-04-12,157.5325927734375,160.10000610351562,162.05999755859375,159.77999877929688,161.22000122070312,50133100
2023-04-13,162.90504455566406,165.55999755859375,165.8000030517578,161.4199981689453,161.6300048828125,68445600
2023-04-14,162.56069946289062,165.2100067138672,166.32000732421875,163.82000732421875,164.58999633789062,49386500
2023-04-17,162.58033752441406,165.22999572753906,165.38999938964844,164.02999877929688,165.08999633789062,41516200
2023-04-18,163.8004608154297,166.47000122070312,167.41000366210938,165.64999389648438,166.10000610351562,49923000
2023-04-19,164.9418487548828,167.6300048828125,168.16000366210938,165.5399932861328,165.8000030517578,47720200
2023-04-20,163.97756958007812,166.64999389648438,167.8699951171875,165.55999755859375,166.08999633789062,52456400
2023-04-21,162.3737030029297,165.02000427246094,166.4499969482422,164.49000549316406,165.0500030517578,58337300
2023-04-24,162.67874145507812,165.3300018310547,165.60000610351562,163.88999938964844,165.0,41949600
2023-04-25,161.14373779296875,163.77000427246094,166.30999755859375,163.72999572753906,165.19000244140625,48714100
2023-04-26,161.13389587402344,163.75999450683594,165.27999877929688,162.8000030517578,163.05999755859375,45498800
2023-04-27,165.70936584472656,168.41000366210938,168.55999755859375,165.19000244140625,165.19000244140625,64902300
2023-04-28,166.958984375,169.67999267578125,169.85000610351562,167.8800048828125,168.49000549316406,55275900
2023-05-01,166.8704071044922,169.58999633789062,170.4499969482422,168.63999938964844,169.27999877929688,52472900
2023-05-02,165.83726501464844,168.5399932861328,170.35000610351562,167.5399932861328,170.08999633789062,48425700
2023-05-03,164.7647705078125,167.4499969482422,170.9199981689453,167.16000366210938,169.5,65136000
2023-05-04,163.13134765625,165.7899932861328,167.0399932861328,164.30999755859375,164.88999938964844,81235400
2023-05-05,170.78660583496094,173.57000732421875,174.3000030517578,170.75999450683594,170.97999572753906,113453200
2023-05-08,170.71771240234375,173.5,173.85000610351562,172.11000061035156,172.47999572753906,55962800
2023-05-09,169.01547241210938,171.77000427246094,173.5399932861328,171.60000610351562,173.0500030517578,45326900
2023-05-10,170.77674865722656,173.55999755859375,174.02999877929688,171.89999389648438,173.02000427246094,53724500
2023-05-11,170.96371459960938,173.75,174.58999633789062,172.1699981689453,173.85000610351562,49514700
2023-05-12,170.03750610351562,172.57000732421875,174.05999755859375,171.0,173.6199951171875,45533100
2023-05-15,169.5448455810547,172.07000732421875,173.2100067138672,171.47000122070312,173.16000366210938,37266700
2023-05-16,169.5448455810547,172.07000732421875,173.13999938964844,171.8000030517578,171.99000549316406,42110300
2023-05-17,170.15573120117188,172.69000244140625,172.92999267578125,170.4199981689453,171.7100067138672,57951600
2023-05-18,172.48110961914062,175.0500030517578,175.24000549316406,172.5800018310547,173.0,65496700
2023-05-19,172.58949279785156,175.16000366210938,176.38999938964844,174.94000244140625,176.38999938964844,55809500
2023-05-22,171.64358520507812,174.1999969482422,174.7100067138672,173.4499969482422,173.97999572753906,43570900
2023-05-23,169.04234313964844,171.55999755859375,173.3800048828125,171.27999877929688,173.1300048828125,50747300
2023-05-24,169.31820678710938,171.83999633789062,172.4199981689453,170.52000427246094,171.08999633789062,45143500
2023-05-25,170.45135498046875,172.99000549316406,173.89999389648438,171.69000244140625,172.41000366210938,56058300
2023-05-26,172.85552978515625,175.42999267578125,175.77000427246094,173.11000061035156,173.32000732421875,54835000
2023-05-30,174.69808959960938,177.3000030517578,178.99000549316406,176.57000732421875,176.9600067138672,55964400
2023-05-31,174.64881896972656,177.25,179.35000610351562,176.75999450683594,177.3300018310547,99625300
2023-06-01,177.44717407226562,180.08999633789062,180.1199951171875,176.92999267578125,177.6999969482422,68901800
2023-06-02,178.29454040527344,180.9499969482422,181.77999877929688,179.25999450683594,181.02999877929688,61996900
2023-06-05,176.94461059570312,179.5800018310547,184.9499969482422,178.0399932861328,182.6300048828125,121946500
2023-06-06,176.58004760742188,179.2100067138672,180.1199951171875,177.42999267578125,179.97000122070312,64848400
2023-06-07,175.21046447753906,177.82000732421875,181.2100067138672,177.32000732421875,178.44000244140625,61944600
2023-06-08,177.9201202392578,180.57000732421875,180.83999633789065,177.4600067138672,177.89999389648438,50214900
2023-06-09,178.3043975830078,180.9600067138672,182.22999572753903,180.6300048828125,181.5,48900000
2023-06-12,181.0928497314453,183.7899932861328,183.88999938964844,180.97000122070312,181.2700042724609,54274900
2023-06-13,180.619873046875,183.30999755859372,184.1499938964844,182.44000244140625,182.8000030517578,54929100
2023-06-14,181.25048828125,183.9499969482422,184.38999938964844,182.0200042724609,183.3699951171875,57462900
2023-06-15,183.2802734375,186.00999450683597,186.5200042724609,183.77999877929688,183.9600067138672,65433200
2023-06-16,182.2062530517578,184.9199981689453,186.9900054931641,184.2700042724609,186.72999572753903,101256200
2023-06-20,182.294921875,185.00999450683597,186.1000061035156,184.41000366210935,184.41000366210935,49799100
2023-06-21,181.2603759765625,183.9600067138672,185.41000366210935,182.58999633789065,184.8999938964844,49515700
2023-06-22,184.2557373046875,187.0,187.0500030517578,183.6699981689453,183.7400054931641,51245300
2023-06-23,183.94044494628903,186.67999267578125,187.55999755859372,185.00999450683597,185.5500030517578,53117000
2023-06-26,182.55113220214844,185.2700042724609,188.0500030517578,185.22999572753903,186.8300018310547,48088700
2023-06-27,185.30018615722656,188.05999755859372,188.38999938964844,185.6699981689453,185.88999938964844,50730800
2023-06-28,186.4727020263672,189.25,189.8999938964844,187.6000061035156,187.92999267578125,51216800
2023-06-29,186.80772399902344,189.58999633789065,190.07000732421875,188.94000244140625,189.0800018310547,46347300
2023-06-30,191.1234436035156,193.97000122070312,194.47999572753903,191.25999450683597,191.6300048828125,85213200
2023-07-03,189.6356201171875,192.4600067138672,193.8800048828125,191.75999450683597,193.77999877929688,31458200
2023-07-05,188.52220153808597,191.3300018310547,192.97999572753903,190.6199951171875,191.57000732421875,46920300
2023-07-06,188.99517822265625,191.80999755859372,192.0200042724609,189.1999969482422,189.83999633789065,45094300
2023-07-07,187.8817443847656,190.67999267578125,192.6699981689453,190.2400054931641,191.41000366210935,46815000
2023-07-10,185.84210205078125,188.6100006103516,189.9900054931641,187.0399932861328,189.25999450683597,59922200
2023-07-11,185.31988525390625,188.0800018310547,189.3000030517578,186.6000061035156,189.16000366210935,46638100
2023-07-12,186.98509216308597,189.7700042724609,191.6999969482422,188.47000122070312,189.67999267578125,60750200
2023-07-13,187.7437896728516,190.5399932861328,191.19000244140625,189.77999877929688,190.5,41342300
2023-07-14,187.89157104492188,190.69000244140625,191.17999267578125,189.6300048828125,190.22999572753903,41616200
2023-07-17,191.14317321777344,193.9900054931641,194.32000732421875,191.80999755859372,191.8999938964844,50520200
2023-07-18,190.88694763183597,193.72999572753903,194.3300018310547,192.4199981689453,193.3500061035156,48288200
2023-07-19,192.23687744140625,195.1000061035156,198.22999572753903,192.6499938964844,193.1000061035156,80507300
2023-07-20,190.2957763671875,193.1300048828125,196.47000122070312,192.5,195.08999633789065,59581200
2023-07-21,189.1232452392578,191.94000244140625,194.97000122070312,191.22999572753903,194.1000061035156,71951700
2023-07-24,189.92135620117188,192.75,194.91000366210935,192.25,193.41000366210935,45377800
2023-07-25,190.778564453125,193.6199951171875,194.44000244140625,192.9199981689453,193.3300018310547,37283200
2023-07-26,191.6456756591797,194.5,195.63999938964844,193.32000732421875,193.6699981689453,47471900
2023-07-27,190.38449096679688,193.22000122070312,197.1999969482422,192.5500030517578,196.0200042724609,47460200
2023-07-28,192.9561462402344,195.8300018310547,196.6300048828125,194.13999938964844,194.6699981689453,48291400
2023-07-31,193.5670623779297,196.4499969482422,196.4900054931641,195.25999450683597,196.05999755859372,38824100
2023-08-01,192.7393951416016,195.6100006103516,196.72999572753903,195.27999877929688,196.2400054931641,35175100
2023-08-02,189.7538909912109,192.5800018310547,195.17999267578125,191.8500061035156,195.0399932861328,50389300
2023-08-03,188.36453247070312,191.1699981689453,192.3699951171875,190.69000244140625,191.57000732421875,61235200
2023-08-04,179.3192596435547,181.9900054931641,187.3800048828125,181.9199981689453,185.5200042724609,115956800
2023-08-07,176.225341796875,178.85000610351562,183.1300048828125,177.35000610351562,182.1300048828125,97576100
2023-08-08,177.16143798828125,179.8000030517578,180.2700042724609,177.5800018310547,179.69000244140625,67823000
2023-08-09,175.5750274658203,178.19000244140625,180.92999267578125,177.00999450683594,180.8699951171875,60378500
2023-08-10,175.35824584960938,177.97000122070312,180.75,177.60000610351562,179.47999572753906,54686900
2023-08-11,175.41741943359375,177.7899932861328,178.6199951171875,176.5500030517578,177.32000732421875,52036700
2023-08-14,177.06517028808594,179.4600067138672,179.69000244140625,177.30999755859375,177.97000122070312,43675600
2023-08-15,175.0819854736328,177.4499969482422,179.47999572753906,177.0500030517578,178.8800048828125,43622600
2023-08-16,174.2137451171875,176.57000732421875,178.5399932861328,176.5,177.1300048828125,46964900
2023-08-17,171.67807006835938,174.0,177.50999450683594,173.47999572753906,177.13999938964844,66062900
2023-08-18,172.16152954101562,174.49000549316406,175.10000610351562,171.9600067138672,172.3000030517578,61172200
2023-08-21,173.49346923828125,175.83999633789062,176.1300048828125,173.74000549316406,175.07000732421875,46311900
2023-08-22,174.8649444580078,177.22999572753906,177.67999267578125,176.25,177.05999755859375,42038900
2023-08-23,178.70298767089844,181.1199951171875,181.5500030517578,178.3300018310547,178.52000427246094,52722800
2023-08-24,174.0262451171875,176.3800048828125,181.1000061035156,176.00999450683594,180.6699981689453,54945800
2023-08-25,176.22653198242188,178.61000061035156,179.14999389648438,175.82000732421875,177.3800048828125,51449600
2023-08-28,177.7854461669922,180.19000244140625,180.58999633789065,178.5500030517578,180.08999633789062,43820700
2023-08-29,181.66297912597656,184.1199951171875,184.8999938964844,179.5,179.6999969482422,53003900
2023-08-30,185.14588928222656,187.6499938964844,187.8500061035156,184.7400054931641,184.94000244140625,60813900
2023-08-31,185.36294555664065,187.8699951171875,189.1199951171875,187.47999572753903,187.83999633789065,60794500
2023-09-01,186.9317321777344,189.4600067138672,189.9199981689453,188.27999877929688,189.4900054931641,45766500
2023-09-05,187.16851806640625,189.6999969482422,189.97999572753903,187.6100006103516,188.27999877929688,45280000
2023-09-06,180.46913146972656,182.91000366210935,188.8500061035156,181.47000122070312,188.3999938964844,81755800
2023-09-07,175.19053649902344,177.55999755859375,178.2100067138672,173.5399932861328,175.17999267578125,112488800
2023-09-08,175.80223083496094,178.17999267578125,180.2400054931641,177.7899932861328,178.35000610351562,65551300
2023-09-11,176.9665069580078,179.36000061035156,180.3000030517578,177.33999633789062,180.07000732421875,58953100
2023-09-12,173.94732666015625,176.3000030517578,180.1300048828125,174.82000732421875,179.49000549316406,90370200
2023-09-13,171.88523864746094,174.2100067138672,177.3000030517578,173.97999572753906,176.50999450683594,84267900
2023-09-14,173.39483642578125,175.74000549316406,176.10000610351562,173.5800018310547,174.0,60895800
2023-09-15,172.67454528808594,175.00999450683594,176.5,173.82000732421875,176.47999572753906,109259500
2023-09-18,175.5950469970703,177.97000122070312,179.3800048828125,176.1699981689453,176.47999572753906,67257600
2023-09-19,176.6803741455078,179.07000732421875,179.6300048828125,177.1300048828125,177.52000427246094,51826900
2023-09-20,173.14816284179688,175.49000549316406,179.6999969482422,175.39999389648438,179.25999450683594,58436200
2023-09-21,171.60897827148438,173.92999267578125,176.3000030517578,173.86000061035156,174.5500030517578,63149100
2023-09-22,172.45748901367188,174.7899932861328,177.0800018310547,174.0500030517578,174.6699981689453,56725400
2023-09-25,173.7303009033203,176.0800018310547,176.97000122070312,174.14999389648438,174.1999969482422,46172700
2023-09-26,169.665283203125,171.9600067138672,175.1999969482422,171.66000366210938,174.82000732421875,64588900
2023-09-27,168.15565490722656,170.42999267578125,173.0399932861328,169.0500030517578,172.6199951171875,66921800
2023-09-28,168.41220092773438,170.69000244140625,172.02999877929688,167.6199951171875,169.33999633789062,56294400
2023-09-29,168.92529296875,171.2100067138672,173.07000732421875,170.33999633789062,172.02000427246094,51861100
2023-10-02,171.43138122558594,173.75,174.3000030517578,170.92999267578125,171.22000122070312,52164500
2023-10-03,170.099365234375,172.39999389648438,173.6300048828125,170.82000732421875,172.25999450683594,49594600
2023-10-04,171.3425750732422,173.66000366210938,174.2100067138672,170.97000122070312,171.08999633789062,53020300
2023-10-05,172.5758819580078,174.91000366210938,175.4499969482422,172.67999267578125,173.7899932861328,48527900
2023-10-06,175.12147521972656,177.49000549316406,177.99000549316406,173.17999267578125,173.8000030517578,57266700
2023-10-09,176.60145568847656,178.99000549316406,179.0500030517578,175.8000030517578,176.80999755859375,42390800
2023-10-10,176.00946044921875,178.38999938964844,179.72000122070312,177.9499969482422,178.10000610351562,43698000
2023-10-11,177.40066528320312,179.8000030517578,179.85000610351562,177.60000610351562,178.1999969482422,47551100
2023-10-12,178.29849243164062,180.7100067138672,182.33999633789065,179.0399932861328,180.07000732421875,56743100
2023-10-13,176.46331787109375,178.85000610351562,181.92999267578125,178.13999938964844,181.4199981689453,51427100
2023-10-16,176.33502197265625,178.72000122070312,179.0800018310547,176.50999450683594,176.75,52517000
2023-10-17,174.78602600097656,177.14999389648438,178.4199981689453,174.8000030517578,176.64999389648438,57549400
2023-10-18,173.49346923828125,175.83999633789062,177.5800018310547,175.11000061035156,175.5800018310547,54764400
2023-10-19,173.11854553222656,175.4600067138672,177.83999633789062,175.19000244140625,176.0399932861328,59302900
2023-10-20,170.57296752929688,172.8800048828125,175.4199981689453,172.63999938964844,175.30999755859375,64244000
2023-10-23,170.69139099121094,173.0,174.00999450683594,169.92999267578125,170.91000366210938,55980100
2023-10-24,171.12550354003906,173.44000244140625,173.6699981689453,171.4499969482422,173.0500030517578,43816600
2023-10-25,168.81675720214844,171.10000610351562,173.05999755859375,170.64999389648438,171.8800048828125,57157000
2023-10-26,164.66290283203125,166.88999938964844,171.3800048828125,165.6699981689453,170.3699951171875,70625300
2023-10-27,165.9751739501953,168.22000122070312,168.9600067138672,166.8300018310547,166.91000366210938,58499100
2023-10-30,168.01756286621094,170.2899932861328,171.1699981689453,168.8699951171875,169.02000427246094,51131000
2023-10-31,168.49114990234375,170.77000427246094,170.89999389648438,167.89999389648438,169.35000610351562,44846000
2023-11-01,171.64845275878906,173.97000122070312,174.22999572753906,170.1199951171875,171.0,56934900
2023-11-02,175.20040893554688,177.57000732421875,177.77999877929688,175.4600067138672,175.52000427246094,77334800
2023-11-03,174.2926788330078,176.64999389648438,176.82000732421875,173.35000610351562,174.24000549316406,79829200
2023-11-06,176.8382568359375,179.22999572753906,179.42999267578125,176.2100067138672,176.3800048828125,63841300
2023-11-07,179.39369201660156,181.82000732421875,182.44000244140625,178.97000122070312,179.17999267578125,70530000
2023-11-08,180.4494171142578,182.88999938964844,183.4499969482422,181.58999633789065,182.3500061035156,49340300
2023-11-09,179.97581481933594,182.41000366210935,184.1199951171875,181.80999755859372,182.9600067138672,53763500
2023-11-10,184.1548614501953,186.3999938964844,186.57000732421875,183.52999877929688,183.97000122070312,66133400
2023-11-13,182.5741271972656,184.8000030517578,186.02999877929688,184.2100067138672,185.82000732421875,43627500
2023-11-14,185.18234252929688,187.44000244140625,188.1100006103516,186.3000030517578,187.6999969482422,60108400
2023-11-15,185.74545288085935,188.00999450683597,189.5,187.77999877929688,187.8500061035156,53790500
2023-11-16,187.42498779296875,189.7100067138672,190.9600067138672,188.6499938964844,189.57000732421875,54412900
2023-11-17,187.4052276611328,189.69000244140625,190.3800048828125,188.57000732421875,190.25,50922700
2023-11-20,189.14405822753903,191.4499969482422,191.91000366210935,189.8800048828125,189.88999938964844,46505100
2023-11-21,188.34381103515625,190.63999938964844,191.5200042724609,189.7400054931641,191.41000366210935,38134500
2023-11-22,189.00570678710935,191.30999755859372,192.92999267578125,190.8300018310547,191.4900054931641,39617700
2023-11-24,187.68185424804688,189.97000122070312,190.8999938964844,189.25,190.8699951171875,24048300
2023-11-27,187.50401306152344,189.7899932861328,190.6699981689453,188.8999938964844,189.9199981689453,40552600
2023-11-28,188.10667419433597,190.3999938964844,191.0800018310547,189.3999938964844,189.77999877929688,38415400
2023-11-29,187.08908081054688,189.3699951171875,192.08999633789065,188.97000122070312,190.8999938964844,43014200
2023-11-30,187.66207885742188,189.9499969482422,190.32000732421875,188.19000244140625,189.83999633789065,48794400
2023-12-01,188.9365692138672,191.2400054931641,191.55999755859372,189.22999572753903,190.3300018310547,45704800
2023-12-04,187.1483612060547,189.42999267578125,190.0500030517578,187.4499969482422,189.97999572753903,43389500
2023-12-05,191.0902862548828,193.4199981689453,194.3999938964844,190.17999267578125,190.2100067138672,66628400
2023-12-06,190.0035552978516,192.32000732421875,194.75999450683597,192.1100006103516,194.4499969482422,41089700
2023-12-07,191.9300537109375,194.2700042724609,195.0,193.58999633789065,193.6300048828125,47477700
2023-12-08,193.35272216796875,195.7100067138672,195.9900054931641,193.6699981689453,194.1999969482422,53406400
2023-12-11,190.8531646728516,193.17999267578125,193.4900054931641,191.4199981689453,193.1100006103516,60943700
2023-12-12,192.3647308349609,194.7100067138672,194.72000122070312,191.72000122070312,193.0800018310547,52696900
2023-12-13,195.57565307617188,197.9600067138672,198.0,194.8500061035156,195.08999633789065,70404200
2023-12-14,195.72378540039065,198.1100006103516,199.6199951171875,196.16000366210935,198.0200042724609,66831600
2023-12-15,195.19029235839844,197.57000732421875,198.3999938964844,197.0,197.52999877929688,128538400
2023-12-18,193.53054809570312,195.88999938964844,196.6300048828125,194.38999938964844,196.08999633789065,55751900
2023-12-19,194.56790161132807,196.94000244140625,196.9499969482422,195.88999938964844,196.16000366210935,40714100
2023-12-20,192.4833221435547,194.8300018310547,197.67999267578125,194.8300018310547,196.8999938964844,52242800
2023-12-21,192.33511352539065,194.67999267578125,197.0800018310547,193.5,196.1000061035156,46482500
2023-12-22,191.2681121826172,193.6000061035156,195.41000366210935,192.97000122070312,195.17999267578125,37149600
2023-12-26,190.72476196289065,193.0500030517578,193.88999938964844,192.8300018310547,193.6100006103516,28919300
2023-12-27,190.82354736328125,193.1499938964844,193.5,191.08999633789065,192.4900054931641,48087700
2023-12-28,191.2483673095703,193.5800018310547,194.66000366210935,193.1699981689453,194.13999938964844,34049900
2023-12-29,190.2110137939453,192.52999877929688,194.3999938964844,191.72999572753903,193.8999938964844,42672100
2024-01-02,183.40402221679688,185.63999938964844,188.44000244140625,183.88999938964844,187.1499938964844,82488700
2024-01-03,182.03076171875,184.25,185.8800048828125,183.42999267578125,184.22000122070312,58414500
2024-01-04,179.71890258789062,181.91000366210935,183.08999633789065,180.8800048828125,182.1499938964844,71983600
2024-01-05,178.9977264404297,181.17999267578125,182.75999450683597,180.1699981689453,181.9900054931641,62379700
2024-01-08,183.324951171875,185.55999755859372,185.6000061035156,181.5,182.08999633789065,59144500
2024-01-09,182.91001892089844,185.13999938964844,185.1499938964844,182.72999572753903,183.9199981689453,42841800
2024-01-10,183.9474029541016,186.19000244140625,186.3999938964844,183.9199981689453,184.3500061035156,46792900
2024-01-11,183.3546142578125,185.58999633789065,187.0500030517578,183.6199951171875,186.5399932861328,49128400
2024-01-12,183.68063354492188,185.9199981689453,186.7400054931641,185.19000244140625,186.05999755859372,40477800
2024-01-16,181.4182586669922,183.6300048828125,184.25999450683597,180.92999267578125,182.16000366210935,65603000
2024-01-17,180.4796600341797,182.67999267578125,182.92999267578125,180.3000030517578,181.2700042724609,47317400
2024-01-18,186.35801696777344,188.6300048828125,189.13999938964844,185.8300018310547,186.08999633789065,78005800
2024-01-19,189.252685546875,191.55999755859372,191.9499969482422,188.82000732421875,189.3300018310547,68903000
2024-01-22,191.55462646484372,193.88999938964844,195.3300018310547,192.25999450683597,192.3000030517578,60133900
2024-01-23,192.82911682128903,195.17999267578125,195.75,193.8300018310547,195.0200042724609,42355600
2024-01-24,192.1573028564453,194.5,196.3800048828125,194.33999633789065,195.4199981689453,53631300
2024-01-25,191.83126831054688,194.1699981689453,196.2700042724609,193.1100006103516,195.22000122070312,54822100
2024-01-26,190.1023406982422,192.4199981689453,194.75999450683597,191.94000244140625,194.2700042724609,44594000
2024-01-29,189.420654296875,191.72999572753903,192.1999969482422,189.5800018310547,192.00999450683597,47145600
2024-01-30,185.77511596679688,188.0399932861328,191.8000030517578,187.47000122070312,190.94000244140625,55859400
2024-01-31,182.17893981933597,184.3999938964844,187.1000061035156,184.3500061035156,187.0399932861328,55467800
2024-02-01,184.6093292236328,186.8600006103516,186.9499969482422,183.82000732421875,183.9900054931641,64885400
2024-02-02,183.61151123046875,185.8500061035156,187.3300018310547,179.25,179.86000061035156,102551700
2024-02-05,185.41943359375,187.67999267578125,189.25,185.83999633789065,188.1499938964844,69668800
2024-02-06,187.0199432373047,189.3000030517578,189.30999755859372,186.7700042724609,186.8600006103516,43490800
2024-02-07,187.12860107421875,189.41000366210935,191.0500030517578,188.6100006103516,190.63999938964844,53439000
2024-02-08,186.0517578125,188.32000732421875,189.5399932861328,187.3500061035156,189.38999938964844,40962000
2024-02-09,186.8134307861328,188.8500061035156,189.9900054931641,188.0,188.6499938964844,45155200
2024-02-12,185.1317443847656,187.1499938964844,188.6699981689453,186.7899932861328,188.4199981689453,41781900
2024-02-13,183.0445098876953,185.0399932861328,186.2100067138672,183.50999450683597,185.7700042724609,56529500
2024-02-14,182.16412353515625,184.1499938964844,185.52999877929688,182.44000244140625,185.32000732421875,54630500
2024-02-15,181.87722778320312,183.8600006103516,184.4900054931641,181.3500061035156,183.5500030517578,65434500
2024-02-16,180.3439483642578,182.30999755859372,184.8500061035156,181.6699981689453,183.4199981689453,49752500
2024-02-20,179.60202026367188,181.55999755859372,182.42999267578125,180.0,181.7899932861328,53665600
2024-02-21,180.3538360595703,182.32000732421875,182.88999938964844,180.66000366210935,181.94000244140625,41371400
2024-02-22,182.3817138671875,184.3699951171875,184.9600067138672,182.4600067138672,183.47999572753903,52292200
2024-02-23,180.5516815185547,182.5200042724609,185.0399932861328,182.22999572753903,185.00999450683597,45119700
2024-02-26,179.2063446044922,181.16000366210935,182.75999450683597,180.6499938964844,182.2400054931641,40867400
2024-02-27,180.6605224609375,182.6300048828125,183.9199981689453,179.55999755859375,181.1000061035156,54318900
2024-02-28,179.4635467529297,181.4199981689453,183.1199951171875,180.1300048828125,182.50999450683597,48953900
2024-02-29,178.80079650878906,180.75,182.57000732421875,179.52999877929688,181.2700042724609,136682600
2024-03-01,177.7225341796875,179.66000366210938,180.52999877929688,177.3800048828125,179.5500030517578,73563100
2024-03-04,173.2117156982422,175.10000610351562,176.89999389648438,173.7899932861328,176.14999389648438,81510100
2024-03-05,168.285400390625,170.1199951171875,172.0399932861328,169.6199951171875,170.75999450683594,95132400
2024-03-06,167.2961883544922,169.1199951171875,171.24000549316406,168.67999267578125,171.05999755859375,68587700
2024-03-07,167.177490234375,169.0,170.72999572753906,168.49000549316406,169.14999389648438,71765100
2024-03-08,168.88885498046875,170.72999572753906,173.6999969482422,168.94000244140625,169.0,76267000
2024-03-11,170.88705444335938,172.75,174.3800048828125,172.0500030517578,172.94000244140625,60139500
2024-03-12,171.3618927001953,173.22999572753906,174.02999877929688,171.00999450683594,173.14999389648438,59825400
2024-03-13,169.2845001220703,171.1300048828125,173.19000244140625,170.75999450683594,172.77000427246094,52488700
2024-03-14,171.1343536376953,173.0,174.30999755859375,172.0500030517578,172.91000366210938,72913500
2024-03-15,170.75843811035156,172.6199951171875,172.6199951171875,170.2899932861328,171.1699981689453,121752700
2024-03-18,171.84658813476562,173.72000122070312,177.7100067138672,173.52000427246094,175.57000732421875,75604200
2024-03-19,174.18112182617188,176.0800018310547,176.61000061035156,173.02999877929688,174.33999633789062,55215200
2024-03-20,176.74319458007812,178.6699981689453,178.6699981689453,175.08999633789062,175.72000122070312,53423100
2024-03-21,169.52191162109375,171.3699951171875,177.49000549316406,170.83999633789062,177.0500030517578,106181300
2024-03-22,170.422119140625,172.27999877929688,173.0500030517578,170.05999755859375,171.75999450683594,71160100
2024-03-25,169.00755310058594,170.85000610351562,171.94000244140625,169.4499969482422,170.57000732421875,54288300
2024-03-26,167.8798370361328,169.7100067138672,171.4199981689453,169.5800018310547,170.0,57388400
2024-03-27,171.44102478027344,173.30999755859375,173.60000610351562,170.11000061035156,170.41000366210938,60273300
2024-03-28,169.6307373046875,171.47999572753906,172.22999572753906,170.50999450683594,171.75,65672700
2024-04-01,168.19638061523438,170.02999877929688,171.25,169.47999572753906,171.19000244140625,46240500
2024-04-02,167.0192108154297,168.83999633789062,169.33999633789062,168.22999572753906,169.0800018310547,49329500
2024-04-03,167.82046508789062,169.64999389648438,170.67999267578125,168.5800018310547,168.7899932861328,47691700
2024-04-04,166.99945068359375,168.82000732421875,171.9199981689453,168.82000732421875,170.2899932861328,53704400
2024-04-05,167.75123596191406,169.5800018310547,170.38999938964844,168.9499969482422,169.58999633789062,42104800
2024-04-08,166.6334228515625,168.4499969482422,169.1999969482422,168.24000549316406,169.02999877929688,37425500
2024-04-09,167.84027099609375,169.6699981689453,170.0800018310547,168.35000610351562,168.6999969482422,42373800
2024-04-10,165.9706573486328,167.77999877929688,169.08999633789062,167.11000061035156,168.8000030517578,49709300
2024-04-11,173.15234375,175.0399932861328,175.4600067138672,168.16000366210938,168.33999633789062,91070300
2024-04-12,174.64608764648438,176.5500030517578,178.36000061035156,174.2100067138672,174.25999450683594,101670900
2024-04-15,170.8276824951172,172.69000244140625,176.6300048828125,172.5,175.36000061035156,73531800
2024-04-16,167.5533905029297,169.3800048828125,173.75999450683594,168.27000427246094,171.75,73711200
2024-04-17,166.18826293945312,168.0,170.64999389648438,168.0,169.61000061035156,50901200
2024-04-18,165.23863220214844,167.0399932861328,168.63999938964844,166.5500030517578,168.02999877929688,43122900
2024-04-19,163.22061157226562,165.0,166.39999389648438,164.0800018310547,166.2100067138672,68149400
2024-04-22,164.05152893066406,165.83999633789062,167.25999450683594,164.77000427246094,165.52000427246094,48116400
2024-04-23,165.1001434326172,166.89999389648438,167.0500030517578,164.9199981689453,165.35000610351562,49537800
2024-04-24,167.19728088378906,169.02000427246094,169.3000030517578,166.2100067138672,166.5399932861328,48251800
2024-04-25,168.05787658691406,169.88999938964844,170.61000061035156,168.14999389648438,169.52999877929688,50558300
2024-04-26,167.47425842285156,169.3000030517578,171.33999633789062,169.17999267578125,169.8800048828125,44838400
2024-04-29,171.6289520263672,173.5,176.02999877929688,173.10000610351562,173.3699951171875,68169400
2024-04-30,168.49313354492188,170.3300018310547,174.99000549316406,170.0,173.3300018310547,65934800
2024-05-01,167.47425842285156,169.3000030517578,172.7100067138672,169.11000061035156,169.5800018310547,50383100
2024-05-02,171.16403198242188,173.02999877929688,173.4199981689453,170.88999938964844,172.50999450683594,94214900
2024-05-03,181.4024200439453,183.3800048828125,187.0,182.66000366210935,186.6499938964844,163224100
2024-05-06,179.75042724609375,181.7100067138672,184.1999969482422,180.4199981689453,182.3500061035156,78569700
2024-05-07,180.43296813964844,182.3999938964844,184.8999938964844,181.32000732421875,183.4499969482422,77305800
2024-05-08,180.76934814453125,182.7400054931641,183.07000732421875,181.4499969482422,182.8500061035156,45057100
2024-05-09,182.5795745849609,184.57000732421875,184.66000366210935,182.1100006103516,182.55999755859372,48983000
2024-05-10,181.3215789794922,183.0500030517578,185.08999633789065,182.1300048828125,184.8999938964844,50759500
2024-05-13,184.5210723876953,186.27999877929688,187.1000061035156,184.6199951171875,185.44000244140625,72044800
2024-05-14,185.6602020263672,187.42999267578125,188.3000030517578,186.2899932861328,187.50999450683597,52393600
2024-05-15,187.9286193847656,189.72000122070312,190.6499938964844,187.3699951171875,187.91000366210935,70400000
2024-05-16,188.0474548339844,189.83999633789065,191.1000061035156,189.66000366210935,190.47000122070312,52845200
2024-05-17,188.07717895507807,189.8699951171875,190.80999755859372,189.17999267578125,189.50999450683597,41282900
2024-05-20,189.23611450195312,191.0399932861328,191.9199981689453,189.00999450683597,189.3300018310547,44361300
2024-05-21,190.5337677001953,192.3500061035156,192.72999572753903,190.9199981689453,191.08999633789065,42309400
2024-05-22,189.09744262695312,190.8999938964844,192.82000732421875,190.2700042724609,192.2700042724609,34648500
2024-05-23,185.11541748046875,186.8800048828125,191.0,186.6300048828125,190.97999572753903,51005900
2024-05-24,188.1861267089844,189.97999572753903,190.5800018310547,188.0399932861328,188.82000732421875,36327000
2024-05-28,188.19602966308597,189.9900054931641,193.0,189.1000061035156,191.50999450683597,52280100
2024-05-29,188.4932098388672,190.2899932861328,192.25,189.50999450683597,189.6100006103516,53068000
2024-05-30,189.4837646484375,191.2899932861328,192.17999267578125,190.6300048828125,190.75999450683597,49889100
2024-05-31,190.4347076416016,192.25,192.57000732421875,189.91000366210935,191.44000244140625,75158300
2024-06-03,192.1978912353516,194.02999877929688,194.9900054931641,192.5200042724609,192.8999938964844,50080500
2024-06-04,192.51487731933597,194.3500061035156,195.32000732421875,193.02999877929688,194.63999938964844,47471400
2024-06-05,194.02053833007807,195.8699951171875,196.8999938964844,194.8699951171875,195.3999938964844,54156800
2024-06-06,192.64366149902344,194.47999572753903,196.5,194.1699981689453,195.69000244140625,41181800
2024-06-07,195.0308990478516,196.88999938964844,196.94000244140625,194.13999938964844,194.6499938964844,53103900
2024-06-10,191.2965087890625,193.1199951171875,197.3000030517578,192.1499938964844,196.8999938964844,97010200
2024-06-11,205.19400024414065,207.1499938964844,207.16000366210935,193.6300048828125,193.6499938964844,172373300
2024-06-12,211.05810546875,213.07000732421875,220.1999969482422,206.8999938964844,207.3699951171875,198134300
2024-06-13,212.2170562744141,214.2400054931641,216.75,211.6000061035156,214.7400054931641,97862700
2024-06-14,210.48358154296875,212.4900054931641,215.1699981689453,211.3000030517578,213.8500061035156,70122700
2024-06-17,214.6241455078125,216.6699981689453,218.9499969482422,212.72000122070312,213.3699951171875,93728300
2024-06-18,212.2665863037109,214.2899932861328,218.6300048828125,213.0,217.58999633789065,79943300
2024-06-20,207.7001037597656,209.67999267578125,214.2400054931641,208.8500061035156,213.92999267578125,86172500
2024-06-21,205.5308074951172,207.4900054931641,211.88999938964844,207.1100006103516,210.38999938964844,241805100
2024-06-24,206.1746826171875,208.13999938964844,212.6999969482422,206.58999633789065,207.72000122070312,80727000
2024-06-25,207.09593200683597,209.07000732421875,211.3800048828125,208.6100006103516,209.1499938964844,55549700
2024-06-26,211.23643493652344,213.25,214.8600006103516,210.63999938964844,211.5,66213200
2024-06-27,212.07839965820312,214.1000061035156,215.7400054931641,212.3500061035156,214.69000244140625,49772700
2024-06-28,208.6312255859375,210.6199951171875,216.07000732421875,210.3000030517578,215.7700042724609,82542700
2024-07-01,214.703369140625,216.75,217.50999450683597,211.9199981689453,212.08999633789065,60402900
2024-07-02,218.19012451171875,220.2700042724609,220.3800048828125,215.1000061035156,216.1499938964844,58046200
2024-07-03,219.45803833007807,221.5500030517578,221.5500030517578,219.02999877929688,220.0,37369800
2024-07-05,224.20281982421875,226.33999633789065,226.4499969482422,221.6499938964844,221.6499938964844,60412400
2024-07-08,225.66883850097656,227.82000732421875,227.8500061035156,223.25,227.08999633789065,59085900
2024-07-09,226.52073669433597,228.67999267578125,229.3999938964844,226.3699951171875,227.92999267578125,48076100
2024-07-10,230.78012084960935,232.97999572753903,233.0800018310547,229.25,229.3000030517578,62627700
2024-07-11,225.42120361328125,227.57000732421875,232.38999938964844,225.7700042724609,231.38999938964844,64710600
2024-07-12,228.36312866210935,230.5399932861328,232.63999938964844,228.67999267578125,228.9199981689453,53046500
2024-07-15,232.18670654296875,234.3999938964844,237.22999572753903,233.08999633789065,236.47999572753903,62631300
2024-07-16,232.602783203125,234.82000732421875,236.2700042724609,232.3300018310547,235.0,43234300
2024-07-17,226.7188262939453,228.8800048828125,231.4600067138672,226.63999938964844,229.4499969482422,57345900
2024-07-18,222.06321716308597,224.17999267578125,230.44000244140625,222.2700042724609,230.27999877929688,66034600
2024-07-19,222.1919860839844,224.30999755859372,226.8000030517578,223.27999877929688,224.82000732421875,49151500
2024-07-22,221.8453063964844,223.9600067138672,227.77999877929688,223.08999633789065,227.00999450683597,48201800
2024-07-23,222.88536071777344,225.00999450683597,226.94000244140625,222.67999267578125,224.3699951171875,39960300
2024-07-24,216.4764709472656,218.5399932861328,224.8000030517578,217.1300048828125,224.0,61777600
2024-07-25,215.43638610839844,217.4900054931641,220.8500061035156,214.6199951171875,218.92999267578125,51391200
2024-07-26,215.9019470214844,217.9600067138672,219.4900054931641,216.00999450683597,218.6999969482422,41601300
2024-07-29,216.17930603027344,218.2400054931641,219.3000030517578,215.75,216.9600067138672,36311800
2024-07-30,216.7340087890625,218.8000030517578,220.3300018310547,216.1199951171875,219.19000244140625,41643800
2024-07-31,219.98306274414065,222.0800018310547,223.82000732421875,220.6300048828125,221.44000244140625,50036300
2024-08-01,216.29815673828125,218.3600006103516,224.47999572753903,217.0200042724609,224.3699951171875,62501000
2024-08-02,217.7839813232422,219.8600006103516,225.6000061035156,217.7100067138672,219.1499938964844,105568600
2024-08-05,207.2939910888672,209.2700042724609,213.5,196.0,199.08999633789065,119548600
2024-08-06,205.27325439453125,207.22999572753903,209.9900054931641,201.07000732421875,205.3000030517578,69660500
2024-08-07,207.8388214111328,209.82000732421875,213.63999938964844,206.38999938964844,206.8999938964844,63516400
2024-08-08,211.2958526611328,213.30999755859372,214.1999969482422,208.8300018310547,213.1100006103516,47161100
2024-08-09,214.1981964111328,216.2400054931641,216.77999877929688,211.97000122070312,212.1000061035156,42201600
2024-08-12,215.7254180908203,217.52999877929688,219.50999450683597,215.6000061035156,216.07000732421875,38028100
2024-08-13,219.4344024658203,221.2700042724609,221.88999938964844,219.00999450683597,219.00999450683597,44155300
2024-08-14,219.8806610107422,221.72000122070312,223.02999877929688,219.6999969482422,220.57000732421875,41960600
2024-08-15,222.8557586669922,224.72000122070312,225.3500061035156,222.75999450683597,224.6000061035156,46414000
2024-08-16,224.17474365234372,226.0500030517578,226.8300018310547,223.6499938964844,223.9199981689453,44340200
2024-08-19,224.0160217285156,225.88999938964844,225.9900054931641,223.0399932861328,225.72000122070312,40687800
2024-08-20,224.6309051513672,226.50999450683597,227.1699981689453,225.4499969482422,225.7700042724609,30299000
2024-08-21,224.52183532714844,226.3999938964844,227.97999572753903,225.0500030517578,226.5200042724609,34765500
2024-08-22,222.6673583984375,224.52999877929688,228.33999633789065,223.8999938964844,227.7899932861328,43695300
2024-08-23,224.9581451416016,226.83999633789065,228.22000122070312,224.3300018310547,225.66000366210935,38677300
2024-08-26,225.29534912109372,227.17999267578125,227.27999877929688,223.88999938964844,226.75999450683597,30602200
2024-08-27,226.1382751464844,228.02999877929688,228.8500061035156,224.88999938964844,226.0,35934600
2024-08-28,224.61106872558597,226.4900054931641,229.8600006103516,225.67999267578125,227.9199981689453,38052200
2024-08-29,227.8837127685547,229.7899932861328,232.9199981689453,228.8800048828125,230.1000061035156,51906300
2024-08-30,227.10028076171875,229.0,230.3999938964844,227.47999572753903,230.19000244140625,52990800
2024-09-03,220.9219512939453,222.7700042724609,229.0,221.1699981689453,228.5500030517578,50190600
2024-09-04,219.01788330078125,220.8500061035156,221.77999877929688,217.47999572753903,221.66000366210935,43840200
2024-09-05,220.53517150878903,222.3800048828125,225.47999572753903,221.5200042724609,221.6300048828125,36615400
2024-09-06,218.9881591796875,220.82000732421875,225.2400054931641,219.7700042724609,223.9499969482422,48423000
2024-09-09,219.07736206054688,220.91000366210935,221.2700042724609,216.7100067138672,220.82000732421875,67180000
2024-09-10,218.28399658203125,220.1100006103516,221.47999572753903,216.72999572753903,218.9199981689453,51591000
2024-09-11,220.81285095214844,222.66000366210935,223.08999633789065,217.88999938964844,221.4600067138672,44587100
2024-09-12,220.9219512939453,222.7700042724609,223.5500030517578,219.82000732421875,222.5,37455600
2024-09-13,220.6542053222656,222.5,224.0399932861328,221.91000366210935,223.5800018310547,36766600
2024-09-16,214.52545166015625,216.32000732421875,217.22000122070312,213.9199981689453,216.5399932861328,59357400
2024-09-17,214.9915313720703,216.7899932861328,216.8999938964844,214.5,215.75,45519300
2024-09-18,218.85919189453125,220.69000244140625,222.7100067138672,217.5399932861328,217.5500030517578,59894900
2024-09-19,226.97134399414065,228.8699951171875,229.82000732421875,224.6300048828125,224.9900054931641,66781300
2024-09-20,226.306884765625,228.1999969482422,233.08999633789065,227.6199951171875,229.97000122070312,318679900
2024-09-23,224.59127807617188,226.47000122070312,229.4499969482422,225.80999755859372,227.33999633789065,54146000
2024-09-24,225.4837951660156,227.3699951171875,229.3500061035156,225.72999572753903,228.6499938964844,43556100
2024-09-25,224.4920654296875,226.3699951171875,227.2899932861328,224.0200042724609,224.92999267578125,42308700
2024-09-26,225.63255310058597,227.5200042724609,228.5,225.41000366210935,227.3000030517578,36636700
2024-09-27,225.9002990722656,227.7899932861328,229.5200042724609,227.3000030517578,228.4600067138672,34026000
2024-09-30,231.06707763671875,233.0,233.0,229.6499938964844,230.0399932861328,54541900
2024-10-01,224.3334045410156,226.2100067138672,229.6499938964844,223.7400054931641,229.5200042724609,63285000
2024-10-02,224.89866638183597,226.77999877929688,227.3699951171875,223.0200042724609,225.88999938964844,32880600
2024-10-03,223.79788208007807,225.6699981689453,226.80999755859372,223.32000732421875,225.13999938964844,34044200
2024-10-04,224.91851806640625,226.8000030517578,228.0,224.1300048828125,227.8999938964844,37245100
2024-10-07,219.8508758544922,221.69000244140625,225.69000244140625,221.3300018310547,224.5,39505400
2024-10-08,223.89707946777344,225.7700042724609,225.97999572753903,223.25,224.3000030517578,31855700
2024-10-09,227.63577270507807,229.5399932861328,229.75,224.8300018310547,225.22999572753903,33591100
2024-10-10,227.13992309570312,229.0399932861328,229.5,227.1699981689453,227.77999877929688,28183500
2024-10-11,225.66229248046875,227.5500030517578,229.41000366210935,227.33999633789065,229.3000030517578,31759200
2024-10-14,229.3811798095703,231.3000030517578,231.72999572753903,228.6000061035156,228.6999969482422,39882100
2024-10-15,231.91004943847656,233.8500061035156,237.4900054931641,232.3699951171875,233.6100006103516,64751400
2024-10-16,229.8571929931641,231.77999877929688,232.1199951171875,229.83999633789065,231.6000061035156,34082200
2024-10-17,230.2241058349609,232.1499938964844,233.8500061035156,230.5200042724609,233.42999267578125,32993800
2024-10-18,233.05047607421875,235.0,236.17999267578125,234.00999450683597,236.17999267578125,46431500
2024-10-21,234.5181884765625,236.47999572753903,236.8500061035156,234.4499969482422,234.4499969482422,36254500
2024-10-22,233.90335083007807,235.8600006103516,236.22000122070312,232.6000061035156,233.88999938964844,38846600
2024-10-23,228.8456268310547,230.75999450683597,235.13999938964844,227.75999450683597,234.0800018310547,52287000
2024-10-24,228.65724182128903,230.57000732421875,230.82000732421875,228.41000366210935,229.97999572753903,31109500
2024-10-25,229.49029541015625,231.41000366210935,233.22000122070312,229.57000732421875,229.7400054931641,38802300
2024-10-28,231.4637451171875,233.3999938964844,234.72999572753903,232.5500030517578,233.32000732421875,36087100
2024-10-29,231.73150634765625,233.6699981689453,234.3300018310547,232.32000732421875,233.1000061035156,35417200
2024-10-30,228.191162109375,230.1000061035156,233.47000122070312,229.5500030517578,232.6100006103516,47070900
2024-10-31,224.035888671875,225.91000366210935,229.8300018310547,225.3699951171875,229.33999633789065,64370100
2024-11-01,221.06077575683597,222.91000366210935,225.3500061035156,220.2700042724609,220.97000122070312,65276700
2024-11-04,220.16824340820312,222.00999450683597,222.7899932861328,219.7100067138672,220.9900054931641,44944500
2024-11-05,221.5963134765625,223.4499969482422,223.9499969482422,221.13999938964844,221.8000030517578,28111300
2024-11-06,220.87234497070312,222.72000122070312,226.07000732421875,221.19000244140625,222.6100006103516,54561100
2024-11-07,225.5928649902344,227.47999572753903,227.8800048828125,224.57000732421875,224.6300048828125,42137700
2024-11-08,225.32481384277344,226.9600067138672,228.66000366210935,226.41000366210935,227.1699981689453,38328800
2024-11-11,222.61447143554688,224.22999572753903,225.6999969482422,221.5,225.0,42005600
2024-11-12,222.61447143554688,224.22999572753903,225.58999633789065,223.3600006103516,224.5500030517578,40398300
2024-11-13,223.49807739257807,225.1199951171875,226.6499938964844,222.75999450683597,224.00999450683597,48566200
2024-11-14,226.5757598876953,228.22000122070312,228.8699951171875,225.0,225.0200042724609,44923900
2024-11-15,223.37892150878903,225.0,226.9199981689453,224.2700042724609,226.3999938964844,47923700
2024-11-18,226.377197265625,228.0200042724609,229.7400054931641,225.1699981689453,225.25,44633700
2024-11-19,226.6352996826172,228.27999877929688,230.16000366210935,226.66000366210935,226.97999572753903,36211800
2024-11-20,227.35012817382807,229.0,229.92999267578125,225.88999938964844,228.05999755859372,35169600
2024-11-21,226.8735809326172,228.5200042724609,230.16000366210935,225.7100067138672,228.8800048828125,42108300
2024-11-22,228.2138519287109,229.8699951171875,230.72000122070312,228.05999755859372,228.05999755859372,38168300
2024-11-25,231.1922149658203,232.8699951171875,233.25,229.7400054931641,231.4600067138672,90152800
2024-11-26,233.366455078125,235.05999755859372,235.57000732421875,233.3300018310547,233.3300018310547,45986200
2024-11-27,233.2373962402344,234.92999267578125,235.69000244140625,233.80999755859372,234.47000122070312,33498400
2024-11-29,235.62008666992188,237.3300018310547,237.80999755859372,233.97000122070312,234.80999755859372,28481400
2024-12-02,237.86383056640625,239.58999633789065,240.7899932861328,237.16000366210935,237.2700042724609,48137100
2024-12-03,240.9017791748047,242.6499938964844,242.75999450683597,238.8999938964844,239.80999755859372,38861000
2024-12-04,241.25917053222656,243.00999450683597,244.1100006103516,241.25,242.8699951171875,44383900
2024-12-05,241.28895568847656,243.0399932861328,244.5399932861328,242.1300048828125,243.9900054931641,40033900
2024-12-06,241.09039306640625,242.83999633789065,244.6300048828125,242.0800018310547,242.91000366210935,36870600
2024-12-09,244.97222900390625,246.75,247.2400054931641,241.75,241.8300018310547,44649200
2024-12-10,245.98486328125,247.7700042724609,248.2100067138672,245.33999633789065,246.88999938964844,36914800
2024-12-11,244.714111328125,246.4900054931641,250.8000030517578,246.25999450683597,247.9600067138672,45205800
2024-12-12,246.1735382080078,247.9600067138672,248.7400054931641,245.67999267578125,246.88999938964844,32777500
2024-12-13,246.34230041503903,248.1300048828125,249.2899932861328,246.2400054931641,247.82000732421875,33155300
2024-12-16,249.23130798339844,251.0399932861328,251.3800048828125,247.6499938964844,247.9900054931641,51694800
2024-12-17,251.6537322998047,253.47999572753903,253.8300018310547,249.77999877929688,250.0800018310547,51356400
2024-12-18,246.26287841796875,248.0500030517578,254.27999877929688,247.7400054931641,252.16000366210935,56774100
2024-12-19,247.9903259277344,249.7899932861328,252.0,247.08999633789065,247.5,60882300
2024-12-20,252.65647888183597,254.4900054931641,255.0,245.69000244140625,248.0399932861328,147495300
2024-12-23,253.43084716796875,255.2700042724609,255.6499938964844,253.4499969482422,254.7700042724609,40858800
2024-12-24,256.3397827148437,258.20001220703125,258.2099914550781,255.2899932861328,255.4900054931641,23234700
2024-12-26,257.1537780761719,259.0199890136719,260.1000061035156,257.6300048828125,258.19000244140625,27237100
2024-12-27,253.74855041503903,255.58999633789065,258.70001220703125,253.05999755859372,257.8299865722656,42355300
2024-12-30,250.3829345703125,252.1999969482422,253.5,250.75,252.22999572753903,35557500
2024-12-31,248.61578369140625,250.4199981689453,253.27999877929688,249.42999267578125,252.44000244140625,39480700
2025-01-02,242.0931396484375,243.8500061035156,249.1000061035156,241.82000732421875,248.92999267578125,55740700
2025-01-03,241.6066436767578,243.3600006103516,244.17999267578125,241.88999938964844,243.3600006103516,40244100
2025-01-06,243.2348480224609,245.0,247.3300018310547,243.1999969482422,244.30999755859372,45045600
2025-01-07,240.46495056152344,242.2100067138672,245.5500030517578,241.3500061035156,242.97999572753903,40856000
2025-01-08,240.951416015625,242.6999969482422,243.7100067138672,240.0500030517578,241.9199981689453,37628900
2025-01-10,235.14358520507807,236.8500061035156,240.16000366210935,233.0,240.00999450683597,61710900
2025-01-13,232.71121215820312,234.3999938964844,234.6699981689453,229.72000122070312,233.52999877929688,49630700
2025-01-14,231.5992889404297,233.27999877929688,236.1199951171875,232.47000122070312,234.75,39435300
2025-01-15,236.1562042236328,237.8699951171875,238.9600067138672,234.42999267578125,234.63999938964844,39832000
2025-01-16,226.6154327392578,228.25999450683597,238.00999450683597,228.02999877929688,237.3500061035156,71759100
2025-01-17,228.32305908203125,229.97999572753903,232.2899932861328,228.47999572753903,232.1199951171875,68488300
2025-01-21,221.0359344482422,222.63999938964844,224.4199981689453,219.3800048828125,224.0,98070400
2025-01-22,222.21734619140625,223.8300018310547,224.1199951171875,219.7899932861328,219.7899932861328,64126500
2025-01-23,222.0485992431641,223.66000366210935,227.02999877929688,222.3000030517578,224.7400054931641,60234800
2025-01-24,221.1749267578125,222.77999877929688,225.6300048828125,221.41000366210935,224.77999877929688,54697900
2025-01-27,228.2039031982422,229.8600006103516,232.1499938964844,223.97999572753903,224.0200042724609,94863400
2025-01-28,236.5434112548828,238.25999450683597,240.19000244140625,230.80999755859372,230.8500061035156,75707600
2025-01-29,237.63548278808597,239.3600006103516,239.8600006103516,234.00999450683597,234.1199951171875,45486100
2025-01-30,235.87823486328125,237.58999633789065,240.7899932861328,237.2100067138672,238.6699981689453,55658300
2025-01-31,234.2996826171875,236.0,247.19000244140625,233.44000244140625,247.19000244140625,100959800
2025-02-03,226.3672332763672,228.00999450683597,231.8300018310547,225.6999969482422,229.9900054931641,73063300
2025-02-04,231.12274169921875,232.8000030517578,233.1300048828125,226.6499938964844,227.25,45067300
2025-02-05,230.7951202392578,232.47000122070312,232.6699981689453,228.2700042724609,228.52999877929688,39620300
2025-02-06,231.53970336914065,233.22000122070312,233.8000030517578,230.42999267578125,231.2899932861328,29925300
2025-02-07,225.989990234375,227.6300048828125,234.0,227.25999450683597,232.6000061035156,39707200
2025-02-10,226.2583465576172,227.6499938964844,230.58999633789065,227.1999969482422,229.57000732421875,33115600
2025-02-11,231.19793701171875,232.6199951171875,235.22999572753903,228.1300048828125,228.1999969482422,53718400
2025-02-12,235.4219665527344,236.8699951171875,236.9600067138672,230.67999267578125,231.1999969482422,45243300
2025-02-13,240.0534820556641,241.52999877929688,242.33999633789065,235.57000732421875,236.91000366210935,53614100
2025-02-14,243.10472106933597,244.6000061035156,245.5500030517578,240.9900054931641,241.25,40896200
2025-02-18,242.97552490234372,244.47000122070312,245.17999267578125,241.83999633789065,244.1499938964844,48822500
2025-02-19,243.37307739257807,244.8699951171875,246.00999450683597,243.16000366210935,244.66000366210935,32204200
2025-02-20,244.32720947265625,245.8300018310547,246.77999877929688,244.2899932861328,244.94000244140625,32316900
2025-02-21,244.0489044189453,245.5500030517578,248.69000244140625,245.22000122070312,245.9499969482422,53197400
2025-02-24,245.5894317626953,247.1000061035156,248.8600006103516,244.4199981689453,244.92999267578125,51326400
2025-02-25,245.52978515625,247.0399932861328,250.0,244.91000366210935,248.0,48013300
2025-02-26,238.89064025878903,240.3600006103516,244.97999572753903,239.1300048828125,244.3300018310547,44433600
2025-02-27,235.84933471679688,237.3000030517578,242.4600067138672,237.05999755859372,239.41000366210935,41153600
2025-02-28,240.361572265625,241.83999633789065,242.08999633789065,230.1999969482422,236.9499969482422,56833400
2025-03-03,236.57485961914065,238.02999877929688,244.02999877929688,236.1100006103516,241.7899932861328,47184000
2025-03-04,234.4877014160156,235.92999267578125,240.07000732421875,234.67999267578125,237.7100067138672,53798100
2025-03-05,234.29888916015625,235.7400054931641,236.5500030517578,229.22999572753903,235.4199981689453,47227600
2025-03-06,233.8914031982422,235.3300018310547,237.8600006103516,233.16000366210935,234.44000244140625,45170400
2025-03-07,237.6085357666016,239.07000732421875,241.3699951171875,234.75999450683597,235.1100006103516,46273600
2025-03-10,226.08937072753903,227.47999572753903,236.16000366210935,224.22000122070312,235.5399932861328,72071200
2025-03-11,219.48995971679688,220.83999633789065,225.83999633789065,217.4499969482422,223.80999755859372,76137400
2025-03-12,215.6535797119141,216.97999572753903,221.75,214.91000366210935,220.13999938964844,62547500
2025-03-13,208.39816284179688,209.67999267578125,216.83999633789065,208.4199981689453,215.9499969482422,61368300
2025-03-14,212.1848907470703,213.4900054931641,213.9499969482422,209.5800018310547,211.25,60107600
2025-03-17,212.69178771972656,214.0,215.22000122070312,209.97000122070312,213.30999755859372,48073400
2025-03-18,211.38980102539065,212.69000244140625,215.1499938964844,211.4900054931641,214.16000366210935,42432400
2025-03-19,213.9241943359375,215.2400054931641,218.75999450683597,213.75,214.22000122070312,54385400
2025-03-20,212.7911834716797,214.1000061035156,217.4900054931641,212.22000122070312,213.9900054931641,48862900
2025-03-21,216.9356842041016,218.2700042724609,218.83999633789065,211.27999877929688,211.55999755859372,94127800
2025-03-24,219.3806304931641,220.72999572753903,221.47999572753903,218.5800018310547,221.0,44299500
2025-03-25,222.38217163085935,223.75,224.1000061035156,220.0800018310547,220.7700042724609,34493600
2025-03-26,220.1757354736328,221.52999877929688,225.0200042724609,220.47000122070312,223.50999450683597,34466100
2025-03-27,222.4815826416016,223.8500061035156,224.9900054931641,220.55999755859372,221.38999938964844,37094800
2025-03-28,216.56793212890625,217.8999938964844,223.80999755859372,217.67999267578125,221.6699981689453,39818600
2025-03-31,220.77207946777344,222.1300048828125,225.6199951171875,216.22999572753903,217.00999450683597,65299300
2025-04-01,221.82562255859372,223.19000244140625,223.67999267578125,218.8999938964844,219.80999755859372,36412700
2025-04-02,222.52133178710935,223.88999938964844,225.19000244140625,221.0200042724609,221.32000732421875,35905900
2025-04-03,201.94786071777344,203.19000244140625,207.4900054931641,201.25,205.5399932861328,103419000
2025-04-04,187.22840881347656,188.3800048828125,199.8800048828125,187.33999633789065,193.88999938964844,125910900
2025-04-07,180.3507080078125,181.4600067138672,194.1499938964844,174.6199951171875,177.1999969482422,160466300
2025-04-08,171.36595153808594,172.4199981689453,190.33999633789065,169.2100067138672,186.6999969482422,120859500
2025-04-09,197.6343994140625,198.8500061035156,200.6100006103516,171.88999938964844,171.9499969482422,184395900
2025-04-10,189.25592041015625,190.4199981689453,194.77999877929688,183.0,189.07000732421875,121880000
2025-04-11,196.93869018554688,198.1499938964844,199.5399932861328,186.05999755859372,186.1000061035156,87435900
2025-04-14,201.28196716308597,202.5200042724609,212.94000244140625,201.16000366210935,211.44000244140625,101352900
2025-04-15,200.9042816162109,202.13999938964844,203.50999450683597,199.8000030517578,201.8600006103516,51343900
2025-04-16,193.0823974609375,194.2700042724609,200.6999969482422,192.3699951171875,198.3600006103516,59732400
2025-04-17,195.7758331298828,196.97999572753903,198.8300018310547,194.4199981689453,197.1999969482422,52164700
2025-04-21,191.97918701171875,193.16000366210935,193.8000030517578,189.80999755859372,193.2700042724609,46742500
2025-04-22,198.5189666748047,199.7400054931641,201.58999633789065,195.97000122070312,196.1199951171875,52976400
2025-04-23,203.3492431640625,204.6000061035156,208.0,202.8000030517578,206.0,52929200
2025-04-24,207.09620666503903,208.3699951171875,208.8300018310547,202.94000244140625,204.88999938964844,47311000
2025-04-25,208.00064086914065,209.27999877929688,209.75,206.1999969482422,206.3699951171875,38222300
2025-04-28,208.85536193847656,210.13999938964844,211.5,207.4600067138672,210.0,38743100
2025-04-29,209.91883850097656,211.2100067138672,212.2400054931641,208.3699951171875,208.69000244140625,36827600
2025-04-30,211.2009735107422,212.5,213.5800018310547,206.6699981689453,209.3000030517578,52286500
2025-05-01,212.01596069335935,213.32000732421875,214.55999755859372,208.8999938964844,209.0800018310547,57365700
2025-05-02,204.09466552734372,205.3500061035156,206.9900054931641,202.16000366210935,206.08999633789065,101010600
2025-05-05,197.6741485595703,198.88999938964844,204.1000061035156,198.2100067138672,203.1000061035156,69018500
2025-05-06,197.2964782714844,198.50999450683597,200.6499938964844,197.0200042724609,198.2100067138672,51216500
2025-05-07,195.0502777099609,196.25,199.44000244140625,193.25,199.1699981689453,68536700
2025-05-08,196.2826995849609,197.4900054931641,200.0500030517578,194.67999267578125,197.72000122070312,50478900
2025-05-09,197.3163604736328,198.52999877929688,200.5399932861328,197.5399932861328,199.0,36453900
2025-05-12,209.776123046875,210.7899932861328,211.2700042724609,206.75,210.97000122070312,63775800
2025-05-13,211.9058380126953,212.92999267578125,213.3999938964844,209.0,210.42999267578125,51909300
2025-05-14,211.3087310791016,212.3300018310547,213.94000244140625,210.5800018310547,212.42999267578125,49325800
2025-05-15,210.43295288085935,211.4499969482422,212.9600067138672,209.5399932861328,210.9499969482422,45029500
2025-05-16,210.24388122558597,211.25999450683597,212.57000732421875,209.7700042724609,212.3600006103516,54737900
2025-05-19,207.7757873535156,208.77999877929688,209.47999572753903,204.25999450683597,207.91000366210935,46140500
2025-05-20,205.8650360107422,206.8600006103516,208.47000122070312,205.02999877929688,207.6699981689453,42496600
2025-05-21,201.11798095703125,202.08999633789065,207.0399932861328,200.7100067138672,205.1699981689453,59211800
2025-05-22,200.39149475097656,201.3600006103516,202.75,199.6999969482422,200.7100067138672,46742400
2025-05-23,194.33078002929688,195.2700042724609,197.6999969482422,193.4600067138672,193.6699981689453,78432900
2025-05-27,199.2470245361328,200.2100067138672,200.7400054931641,197.42999267578125,198.3000030517578,56288500
2025-05-28,199.4560089111328,200.4199981689453,202.72999572753903,199.8999938964844,200.58999633789065,45339700
2025-05-29,198.98828125,199.9499969482422,203.80999755859372,198.50999450683597,203.5800018310547,51396800
2025-05-30,199.8839569091797,200.8500061035156,201.9600067138672,196.77999877929688,199.3699951171875,70819900
2025-06-02,200.7298583984375,201.6999969482422,202.1300048828125,200.1199951171875,200.27999877929688,35423300
2025-06-03,202.29229736328125,203.2700042724609,203.7700042724609,200.9600067138672,201.3500061035156,46381600
2025-06-04,201.84446716308597,202.82000732421875,206.2400054931641,202.1000061035156,202.91000366210935,43604000
2025-06-05,199.6650238037109,200.6300048828125,204.75,200.1499938964844,203.5,55126100
2025-06-06,202.93917846679688,203.9199981689453,205.6999969482422,202.0500030517578,203.0,46607700
2025-06-09,200.4810791015625,201.4499969482422,206.0,200.0200042724609,204.38999938964844,72862600
2025-06-10,201.69517517089844,202.6699981689453,204.3500061035156,200.57000732421875,200.6000061035156,54672600
2025-06-11,197.8238983154297,198.77999877929688,204.5,198.41000366210935,203.5,60989900
2025-06-12,198.24188232421875,199.1999969482422,199.67999267578125,197.3600006103516,199.0800018310547,43904600
2025-06-13,195.50509643554688,196.4499969482422,200.3699951171875,195.6999969482422,199.72999572753903,51447300
2025-06-16,197.46563720703125,198.4199981689453,198.69000244140625,196.55999755859372,197.3000030517578,43020700
2025-06-17,194.69900512695312,195.63999938964844,198.38999938964844,195.2100067138672,197.1999969482422,38856200
2025-06-18,195.63446044921875,196.5800018310547,197.57000732421875,195.07000732421875,195.94000244140625,45394700
2025-06-20,200.03323364257807,201.0,201.6999969482422,196.8600006103516,198.2400054931641,96813500
2025-06-23,200.53082275390625,201.5,202.3000030517578,198.9600067138672,201.6300048828125,55814300
2025-06-24,199.33657836914065,200.3000030517578,203.44000244140625,200.1999969482422,202.58999633789065,54064000
2025-06-25,200.5905303955078,201.55999755859372,203.6699981689453,200.6199951171875,201.4499969482422,39525700
2025-06-26,200.03323364257807,201.0,202.63999938964844,199.4600067138672,201.42999267578125,50799100
2025-06-27,200.1128387451172,201.0800018310547,203.22000122070312,200.0,201.88999938964844,73188600
2025-06-30,204.1831512451172,205.1699981689453,207.38999938964844,199.25999450683597,202.00999450683597,91912800
2025-07-01,206.8204040527344,207.82000732421875,210.19000244140625,206.13999938964844,206.6699981689453,78788900
2025-07-02,211.41819763183597,212.44000244140625,213.33999633789065,208.13999938964844,208.91000366210935,67941800
2025-07-03,212.5228729248047,213.5500030517578,214.6499938964844,211.80999755859372,212.1499938964844,34955800
2025-07-07,208.94015502929688,209.9499969482422,216.22999572753903,208.8000030517578,212.67999267578125,50229000
2025-07-08,208.9998779296875,210.00999450683597,211.42999267578125,208.4499969482422,210.1000061035156,42848900
2025-07-09,210.12445068359372,211.13999938964844,211.3300018310547,207.22000122070312,209.52999877929688,48749400
2025-07-10,211.3883209228516,212.41000366210935,213.47999572753903,210.02999877929688,210.50999450683597,44443600
2025-07-11,210.1443634033203,211.16000366210935,212.1300048828125,209.8600006103516,210.57000732421875,39765800
2025-07-14,207.61656188964844,208.6199951171875,210.91000366210935,207.5399932861328,209.92999267578125,38840100
2025-07-15,208.10421752929688,209.1100006103516,211.88999938964844,208.9199981689453,209.22000122070312,42296300
2025-07-16,209.1491851806641,210.16000366210935,212.3999938964844,208.63999938964844,210.3000030517578,47490500
2025-07-17,209.0098419189453,210.0200042724609,211.8000030517578,209.58999633789065,210.57000732421875,48068100
2025-07-18,210.16424560546875,211.17999267578125,211.7899932861328,209.6999969482422,210.8699951171875,48974600
2025-07-21,211.4579925537109,212.47999572753903,215.77999877929688,211.6300048828125,212.1000061035156,51377400
2025-07-22,213.3687744140625,214.3999938964844,214.9499969482422,212.22999572753903,213.13999938964844,46404100
2025-07-23,213.11996459960935,214.1499938964844,215.1499938964844,212.41000366210935,215.0,46989300
2025-07-24,212.7318420410156,213.75999450683597,215.69000244140625,213.52999877929688,213.8999938964844,46022600
2025-07-25,212.85125732421875,213.8800048828125,215.2400054931641,213.3999938964844,214.6999969482422,40268800
2025-07-28,213.02047729492188,214.0500030517578,214.8500061035156,213.05999755859372,214.02999877929688,37858000
2025-07-29,210.2538299560547,211.2700042724609,214.80999755859372,210.82000732421875,214.17999267578125,51411700
2025-07-30,208.04449462890625,209.0500030517578,212.38999938964844,207.72000122070312,211.8999938964844,45512500
2025-07-31,206.57162475585935,207.57000732421875,209.83999633789065,207.16000366210935,208.4900054931641,80698400
2025-08-01,201.40660095214844,202.3800048828125,213.5800018310547,201.5,210.8699951171875,104434500
2025-08-04,202.37193298339844,203.3500061035156,207.8800048828125,201.67999267578125,204.50999450683597,75109300
2025-08-05,201.9439849853516,202.9199981689453,205.33999633789065,202.16000366210935,203.3999938964844,44155100
2025-08-06,212.22430419921875,213.25,215.3800048828125,205.58999633789065,205.6300048828125,108483100
2025-08-07,218.9716796875,220.02999877929688,220.8500061035156,216.5800018310547,218.8800048828125,90224800
2025-08-08,228.24688720703125,229.3500061035156,231.0,219.25,220.8300018310547,113854000
2025-08-11,226.34390258789065,227.17999267578125,229.55999755859372,224.75999450683597,227.9199981689453,61806100
2025-08-12,228.80479431152344,229.6499938964844,230.8000030517578,227.07000732421875,228.00999450683597,55626200
2025-08-13,232.47125244140625,233.3300018310547,235.0,230.42999267578125,231.07000732421875,69878500
2025-08-14,231.92327880859372,232.77999877929688,235.1199951171875,230.8500061035156,234.05999755859372,51916300
2025-08-15,230.73764038085935,231.58999633789065,234.27999877929688,229.33999633789065,234.0,56038700
2025-08-18,230.04022216796875,230.88999938964844,233.1199951171875,230.1100006103516,231.6999969482422,37476200
2025-08-19,229.71144104003903,230.55999755859372,232.8699951171875,229.3500061035156,231.27999877929688,39402600
2025-08-20,225.17819213867188,226.00999450683597,230.47000122070312,225.7700042724609,229.97999572753903,42263900
2025-08-21,224.072265625,224.8999938964844,226.5200042724609,223.77999877929688,226.2700042724609,30621200
2025-08-22,226.9217529296875,227.75999450683597,229.08999633789065,225.41000366210935,226.1699981689453,42477800
2025-08-25,226.323974609375,227.16000366210935,229.3000030517578,226.22999572753903,226.47999572753903,30983100
2025-08-26,228.46604919433597,229.30999755859372,229.4900054931641,224.69000244140625,226.8699951171875,54575100
2025-08-27,229.64170837402344,230.4900054931641,230.8999938964844,228.25999450683597,228.6100006103516,31259500
2025-08-28,231.7041015625,232.55999755859372,233.41000366210935,229.33999633789065,230.82000732421875,38074700
2025-08-29,231.2856292724609,232.13999938964844,233.3800048828125,231.3699951171875,232.50999450683597,39418400
2025-09-02,228.8745574951172,229.72000122070312,230.8500061035156,226.97000122070312,229.25,44075600
2025-09-03,237.59234619140625,238.47000122070312,238.8500061035156,234.3600006103516,237.2100067138672,66427800
2025-09-04,238.89752197265625,239.77999877929688,239.8999938964844,236.7400054931641,238.4499969482422,47549400
2025-09-05,238.80783081054688,239.69000244140625,241.32000732421875,238.4900054931641,240.0,54870400
2025-09-08,237.00450134277344,237.8800048828125,240.1499938964844,236.33999633789065,239.3000030517578,48999500
2025-09-09,233.4875030517578,234.3500061035156,238.77999877929688,233.3600006103516,237.0,66313900
2025-09-10,225.955322265625,226.7899932861328,232.4199981689453,225.9499969482422,232.19000244140625,83440800
2025-09-11,229.1833953857422,230.02999877929688,230.4499969482422,226.6499938964844,226.8800048828125,50208600
2025-09-12,233.20855712890625,234.07000732421875,234.50999450683597,229.0200042724609,229.22000122070312,55824200
2025-09-15,235.82884216308597,236.6999969482422,238.19000244140625,235.02999877929688,237.0,42699500
2025-09-16,237.2735137939453,238.1499938964844,241.22000122070312,236.32000732421875,237.17999267578125,63421100
2025-09-17,238.1104431152344,238.9900054931641,240.1000061035156,237.72999572753903,238.97000122070312,46508000
2025-09-18,237.00450134277344,237.8800048828125,241.1999969482422,236.6499938964844,239.97000122070312,44249600
2025-09-19,244.59646606445312,245.5,246.3000030517578,240.2100067138672,241.22999572753903,163741300
2025-09-22,255.13751220703125,256.0799865722656,256.6400146484375,248.1199951171875,248.3000030517578,105517400
2025-09-23,253.49359130859372,254.42999267578125,257.3399963378906,253.5800018310547,255.8800048828125,60275200
2025-09-24,251.38140869140625,252.30999755859372,255.7400054931641,251.0399932861328,255.22000122070312,42303700
2025-09-25,255.9246063232422,256.8699951171875,257.1700134277344,251.7100067138672,253.2100067138672,55202100
2025-09-26,254.51980590820312,255.4600067138672,257.6000061035156,253.77999877929688,254.1000061035156,46076300
2025-09-29,253.49359130859372,254.42999267578125,255.0,253.00999450683597,254.55999755859372,40127700
2025-09-30,253.69287109375,254.6300048828125,255.9199981689453,253.1100006103516,254.8600006103516,37704300
2025-10-01,254.5098419189453,255.4499969482422,258.7900085449219,254.92999267578125,255.0399932861328,48713900
2025-10-02,256.18365478515625,257.1300048828125,258.17999267578125,254.1499938964844,256.5799865722656,42630200
2025-10-03,257.07037353515625,258.0199890136719,259.239990234375,253.9499969482422,254.6699981689453,49155600
2025-10-06,255.74530029296875,256.69000244140625,259.07000732421875,255.0500030517578,257.989990234375,44664100
2025-10-07,255.5360565185547,256.4800109863281,257.3999938964844,255.42999267578125,256.8099975585937,31955800
2025-10-08,257.1102294921875,258.0599975585937,258.5199890136719,256.1099853515625,256.5199890136719,36496900
2025-10-09,253.10501098632807,254.0399932861328,258.0,253.13999938964844,257.8099975585937,38322000
2025-10-10,244.3673095703125,245.2700042724609,256.3800048828125,244.0,254.94000244140625,61999100
2025-10-13,246.7485198974609,247.66000366210935,249.69000244140625,245.55999755859372,249.3800048828125,38142900
2025-10-14,246.8581085205078,247.7700042724609,248.8500061035156,244.6999969482422,246.6000061035156,35478000
2025-10-15,248.4223175048828,249.33999633789065,251.82000732421875,247.47000122070312,249.4900054931641,33893600
2025-10-16,246.53927612304688,247.4499969482422,249.0399932861328,245.1300048828125,248.25,39777000
2025-10-17,251.3614654541016,252.2899932861328,253.3800048828125,247.2700042724609,248.0200042724609,49147000
2025-10-20,261.2748413085937,262.239990234375,264.3800048828125,255.6300048828125,255.88999938964844,90483000
2025-10-21,261.8028869628906,262.7699890136719,265.2900085449219,261.8299865722656,261.8800048828125,46695900
2025-10-22,257.4988098144531,258.45001220703125,262.8500061035156,255.42999267578125,262.6499938964844,45015300
2025-10-23,258.6246032714844,259.5799865722656,260.6199951171875,258.010009765625,259.94000244140625,32754900
2025-10-24,261.85272216796875,262.82000732421875,264.1300048828125,259.17999267578125,261.19000244140625,38253700
2025-10-27,267.8206787109375,268.8099975585937,269.1199951171875,264.6499938964844,264.8800048828125,44888200
2025-10-28,268.0099792480469,269.0,269.8900146484375,268.1499938964844,268.989990234375,41534800
2025-10-29,268.7073974609375,269.70001220703125,271.4100036621094,267.1099853515625,269.2799987792969,51086700
2025-10-30,270.401123046875,271.3999938964844,274.1400146484375,268.4800109863281,271.989990234375,69886500
2025-10-31,269.3749389648437,270.3699951171875,277.32000732421875,269.1600036621094,276.989990234375,86167100
2025-11-03,268.05975341796875,269.04998779296875,270.8500061035156,266.25,270.4200134277344,50194600
2025-11-04,269.0461730957031,270.0400085449219,271.489990234375,267.6199951171875,268.3299865722656,49274800
2025-11-05,269.14581298828125,270.1400146484375,271.70001220703125,266.92999267578125,268.6099853515625,43683100
2025-11-06,268.7771301269531,269.7699890136719,273.3999938964844,267.8900146484375,267.8900146484375,51204000
2025-11-07,267.48193359375,268.4700012207031,272.2900085449219,266.7699890136719,269.79998779296875,48227400
2025-11-10,268.6986083984375,269.42999267578125,273.7300109863281,267.4599914550781,268.9599914550781,41312400
2025-11-11,274.5028076171875,275.25,275.9100036621094,269.79998779296875,269.8099975585937,46208300
2025-11-12,272.7276611328125,273.4700012207031,275.7300109863281,271.70001220703125,275.0,48398000
2025-11-13,272.2090759277344,272.95001220703125,276.70001220703125,272.0899963378906,274.1099853515625,49602800
2025-11-14,271.6705017089844,272.4100036621094,275.9599914550781,269.6000061035156,271.04998779296875,47431300
2025-11-17,266.73394775390625,267.4599914550781,270.489990234375,265.7300109863281,268.82000732421875,45018300
2025-11-18,266.7140197753906,267.44000244140625,270.7099914550781,265.32000732421875,269.989990234375,45677300
2025-11-19,267.8309631347656,268.5599975585937,272.2099914550781,265.5,265.5299987792969,40424500
2025-11-20,265.5272521972656,266.25,275.42999267578125,265.9200134277344,270.8299865722656,45823600
2025-11-21,270.75299072265625,271.489990234375,273.3299865722656,265.6700134277344,265.95001220703125,59030800
2025-11-24,275.1709899902344,275.9200134277344,277.0,270.8999938964844,270.8999938964844,65585800
2025-11-25,276.2181701660156,276.9700012207031,280.3800048828125,275.25,275.2699890136719,46914200
2025-11-26,276.79656982421875,277.54998779296875,279.5299987792969,276.6300048828125,276.9599914550781,33431400
2025-11-28,278.0930480957031,278.8500061035156,279.0,275.989990234375,277.260009765625,20135600
2025-12-01,282.3315124511719,283.1000061035156,283.4200134277344,276.1400146484375,278.010009765625,46587700
2025-12-02,285.4131164550781,286.19000244140625,287.3999938964844,282.6300048828125,283.0,53669500
2025-12-03,283.378662109375,284.1499938964844,288.6199951171875,283.29998779296875,286.20001220703125,43538700
2025-12-04,279.9380187988281,280.70001220703125,284.7300109863281,278.5899963378906,284.1000061035156,43989100
2025-12-05,278.0232238769531,278.7799987792969,281.1400146484375,278.04998779296875,280.5400085449219,47265800
2025-12-08,277.1356506347656,277.8900146484375,279.6700134277344,276.1499938964844,278.1300048828125,38211800
2025-12-09,276.42755126953125,277.17999267578125,280.0299987792969,276.9200134277344,278.1600036621094,32193300
2025-12-10,278.0232238769531,278.7799987792969,279.75,276.44000244140625,277.75,33038300
2025-12-11,277.2752685546875,278.0299987792969,279.5899963378906,273.8099975585937,279.1000061035156,33248000
2025-12-12,277.52459716796875,278.2799987792969,279.2200012207031,276.82000732421875,277.8999938964844,39532900
2025-12-15,273.3658752441406,274.1099853515625,280.1499938964844,272.8399963378906,280.1499938964844,50409100
2025-12-16,273.8645324707031,274.6099853515625,275.5,271.7900085449219,272.82000732421875,37648600
2025-12-17,271.10205078125,271.8399963378906,276.1600036621094,271.6400146484375,275.010009765625,50138700
2025-12-18,271.4511413574219,272.19000244140625,273.6300048828125,266.95001220703125,273.6099853515625,51630700
2025-12-19,272.9271240234375,273.6700134277344,274.6000061035156,269.8999938964844,272.1499938964844,144632000
2025-12-22,270.23443603515625,270.9700012207031,273.8800048828125,270.510009765625,272.8599853515625,36571800
2025-12-23,271.62066650390625,272.3599853515625,272.5,269.5599975585937,270.8399963378906,29642000
2025-12-24,273.06671142578125,273.8099975585937,275.42999267578125,272.20001220703125,272.3399963378906,17910600
2025-12-26,272.6578369140625,273.3999938964844,275.3699951171875,272.8599853515625,274.1600036621094,21521800
2025-12-29,273.0168762207031,273.760009765625,274.3599853515625,272.3500061035156,272.69000244140625,23715200
2025-12-30,272.3387145996094,273.0799865722656,274.0799865722656,272.2799987792969,272.8099975585937,22139600
2025-12-31,271.1220092773437,271.8599853515625,273.67999267578125,271.75,273.0599975585937,27293600
